Applications Graphics Acceleration Info:
Uptime: 544831038 Realtime: 544831038

** Graphics info for pid 19925 [com.example.stability] **

Stats since: 540692982212424ns
Total frames rendered: 0
Janky frames: 0 (0.00%)
Janky frames (legacy): 0 (0.00%)
50th percentile: 4950ms
90th percentile: 4950ms
95th percentile: 4950ms
99th percentile: 4950ms
Number Missed Vsync: 0
Number High input latency: 0
Number Slow UI thread: 0
Number Slow bitmap uploads: 0
Number Slow issue draw commands: 0
Number Frame deadline missed: 0
Number Frame deadline missed (legacy): 0
HISTOGRAM: 5ms=0 6ms=0 7ms=0 8ms=0 9ms=0 10ms=0 11ms=0 12ms=0 13ms=0 14ms=0 15ms=0 16ms=0 17ms=0 18ms=0 19ms=0 20ms=0 21ms=0 22ms=0 23ms=0 24ms=0 25ms=0 26ms=0 27ms=0 28ms=0 29ms=0 30ms=0 31ms=0 32ms=0 34ms=0 36ms=0 38ms=0 40ms=0 42ms=0 44ms=0 46ms=0 48ms=0 53ms=0 57ms=0 61ms=0 65ms=0 69ms=0 73ms=0 77ms=0 81ms=0 85ms=0 89ms=0 93ms=0 97ms=0 101ms=0 105ms=0 109ms=0 113ms=0 117ms=0 121ms=0 125ms=0 129ms=0 133ms=0 150ms=0 200ms=0 250ms=0 300ms=0 350ms=0 400ms=0 450ms=0 500ms=0 550ms=0 600ms=0 650ms=0 700ms=0 750ms=0 800ms=0 850ms=0 900ms=0 950ms=0 1000ms=0 1050ms=0 1100ms=0 1150ms=0 1200ms=0 1250ms=0 1300ms=0 1350ms=0 1400ms=0 1450ms=0 1500ms=0 1550ms=0 1600ms=0 1650ms=0 1700ms=0 1750ms=0 1800ms=0 1850ms=0 1900ms=0 1950ms=0 2000ms=0 2050ms=0 2100ms=0 2150ms=0 2200ms=0 2250ms=0 2300ms=0 2350ms=0 2400ms=0 2450ms=0 2500ms=0 2550ms=0 2600ms=0 2650ms=0 2700ms=0 2750ms=0 2800ms=0 2850ms=0 2900ms=0 2950ms=0 3000ms=0 3050ms=0 3100ms=0 3150ms=0 3200ms=0 3250ms=0 3300ms=0 3350ms=0 3400ms=0 3450ms=0 3500ms=0 3550ms=0 3600ms=0 3650ms=0 3700ms=0 3750ms=0 3800ms=0 3850ms=0 3900ms=0 3950ms=0 4000ms=0 4050ms=0 4100ms=0 4150ms=0 4200ms=0 4250ms=0 4300ms=0 4350ms=0 4400ms=0 4450ms=0 4500ms=0 4550ms=0 4600ms=0 4650ms=0 4700ms=0 4750ms=0 4800ms=0 4850ms=0 4900ms=0 4950ms=0
50th gpu percentile: 4950ms
90th gpu percentile: 4950ms
95th gpu percentile: 4950ms
99th gpu percentile: 4950ms
GPU HISTOGRAM: 1ms=0 2ms=0 3ms=0 4ms=0 5ms=0 6ms=0 7ms=0 8ms=0 9ms=0 10ms=0 11ms=0 12ms=0 13ms=0 14ms=0 15ms=0 16ms=0 17ms=0 18ms=0 19ms=0 20ms=0 21ms=0 22ms=0 23ms=0 24ms=0 25ms=0 4950ms=0
Pipeline=Skia (OpenGL)
CPU Caches:
  Glyph Cache: 84.14 KB (1 entry)
  Glyph Count: 10 
Total CPU memory usage:
  86156 bytes, 84.14 KB (0.00 bytes is purgeable)
GPU Caches:
  Other:
    Other: 5.01 KB (1 entry)
  Image:
    Texture: 183.05 KB (2 entries)
  Scratch:
    Buffer Object: 112.00 KB (3 entries)
    RenderTarget: 8.77 MB (1 entry)
    Texture: 2.00 MB (2 entries)
Total GPU memory usage:
  11595960 bytes, 11.06 MB (9.01 MB is purgeable)

Profile data in ms:

	com.example.stability/com.example.stability.MainActivity/android.view.ViewRootImpl@a071cc0 (visibility=8)
Window: com.example.stability/com.example.stability.MainActivity
Stats since: 530958415015509ns
Total frames rendered: 100
Janky frames: 0 (0.00%)
Janky frames (legacy): 41 (41.00%)
50th percentile: 16ms
90th percentile: 32ms
95th percentile: 69ms
99th percentile: 900ms
Number Missed Vsync: 0
Number High input latency: 41
Number Slow UI thread: 0
Number Slow bitmap uploads: 0
Number Slow issue draw commands: 0
Number Frame deadline missed: 0
Number Frame deadline missed (legacy): 11
HISTOGRAM: 5ms=2 6ms=2 7ms=4 8ms=5 9ms=8 10ms=7 11ms=10 12ms=3 13ms=2 14ms=4 15ms=3 16ms=1 17ms=8 18ms=8 19ms=7 20ms=5 21ms=3 22ms=3 23ms=0 24ms=1 25ms=0 26ms=0 27ms=0 28ms=0 29ms=1 30ms=0 31ms=2 32ms=2 34ms=0 36ms=0 38ms=0 40ms=0 42ms=0 44ms=0 46ms=0 48ms=2 53ms=0 57ms=0 61ms=2 65ms=0 69ms=1 73ms=0 77ms=0 81ms=0 85ms=0 89ms=0 93ms=0 97ms=0 101ms=0 105ms=0 109ms=0 113ms=0 117ms=0 121ms=0 125ms=0 129ms=0 133ms=0 150ms=2 200ms=0 250ms=0 300ms=0 350ms=0 400ms=0 450ms=0 500ms=0 550ms=0 600ms=0 650ms=0 700ms=1 750ms=0 800ms=0 850ms=0 900ms=1 950ms=0 1000ms=0 1050ms=0 1100ms=0 1150ms=0 1200ms=0 1250ms=0 1300ms=0 1350ms=0 1400ms=0 1450ms=0 1500ms=0 1550ms=0 1600ms=0 1650ms=0 1700ms=0 1750ms=0 1800ms=0 1850ms=0 1900ms=0 1950ms=0 2000ms=0 2050ms=0 2100ms=0 2150ms=0 2200ms=0 2250ms=0 2300ms=0 2350ms=0 2400ms=0 2450ms=0 2500ms=0 2550ms=0 2600ms=0 2650ms=0 2700ms=0 2750ms=0 2800ms=0 2850ms=0 2900ms=0 2950ms=0 3000ms=0 3050ms=0 3100ms=0 3150ms=0 3200ms=0 3250ms=0 3300ms=0 3350ms=0 3400ms=0 3450ms=0 3500ms=0 3550ms=0 3600ms=0 3650ms=0 3700ms=0 3750ms=0 3800ms=0 3850ms=0 3900ms=0 3950ms=0 4000ms=0 4050ms=0 4100ms=0 4150ms=0 4200ms=0 4250ms=0 4300ms=0 4350ms=0 4400ms=0 4450ms=0 4500ms=0 4550ms=0 4600ms=0 4650ms=0 4700ms=0 4750ms=0 4800ms=0 4850ms=0 4900ms=0 4950ms=0
50th gpu percentile: 4950ms
90th gpu percentile: 4950ms
95th gpu percentile: 4950ms
99th gpu percentile: 4950ms
GPU HISTOGRAM: 1ms=0 2ms=0 3ms=0 4ms=0 5ms=0 6ms=0 7ms=0 8ms=0 9ms=0 10ms=0 11ms=0 12ms=0 13ms=0 14ms=0 15ms=0 16ms=0 17ms=0 18ms=0 19ms=0 20ms=0 21ms=0 22ms=0 23ms=0 24ms=0 25ms=0 4950ms=0


---PROFILEDATA---
Flags,FrameTimelineVsyncId,IntendedVsync,Vsync,InputEventId,HandleInputStart,AnimationStart,PerformTraversalsStart,DrawStart,FrameDeadline,FrameInterval,FrameStartTime,SyncQueued,SyncStart,IssueDrawCommandsStart,SwapBuffers,FrameCompleted,DequeueBufferDuration,QueueBufferDuration,GpuCompleted,SwapBuffersCompleted,DisplayPresentTime,
1,3437934,530958131459894,530958431459882,0,530958443048009,530958443050300,530958443166217,530958736247092,530958148126560,530958443003967,16666666,530958835225884,530958841017967,530958841318467,530958993699426,530959047329176,9084,25552458,-1,530959047329176,0,
0,3437970,530958448126548,530959081459856,0,530959095840551,530959095843134,530959114280259,530959114421426,530958464793214,530959095729092,16666666,530959133695842,530959134836342,530959134909717,530959142430217,530959151561134,3958,2761875,-1,530959151561134,0,
0,3438026,530959114793188,530959131459854,0,530959144759134,530959144760384,530959147499342,530959147729842,530959131459854,530959144751634,16666666,530959150496384,530959151571051,530959151672634,530959153045301,530959254586259,97652666,2043917,-1,530959254586259,0,
0,3438033,530959164793186,530959198126518,0,530959208477509,530959208478426,530959208685134,530959208987717,530959181459852,530959208471509,16666666,530959273332009,530959273443217,530959273665134,530959275237051,530959316798092,32093875,4019750,-1,530959316798092,0,
0,3438039,530959231459850,530959264793182,0,530959274893426,530959274894426,530959275418134,530959275488384,530959248126516,530959274887717,16666666,530959281979551,530959316805134,530959316867759,530959322825301,530959328752717,306917,544125,-1,530959328752717,0,
0,3438045,530959281459848,530959314793180,0,530959329636717,530959329638009,530959330619342,530959330747217,530959298126514,530959329629551,16666666,530959339701467,530959339859342,530959339922051,530959344449884,530959350362051,3709,900750,-1,530959350362051,0,
0,3438049,530959331459846,530959331459846,0,530959341062759,530959341063967,530959342419134,530959342474009,530959348126512,530959341056717,16666666,530959344479342,530959350428301,530959350675592,530959352341592,530959368897551,11454542,1725333,-1,530959368897551,0,
0,3438051,530959348126512,530959348126512,0,530959351214801,530959351215759,530959351533426,530959351581967,530959364793178,530959351207426,16666666,530959353235384,530959368906134,530959369048259,530959370957217,530959397771759,22015625,221125,-1,530959397771759,0,
0,3438123,530960048126484,530960048126484,0,530960052257301,530960052258884,530960052259509,530960052346468,530960064793150,530960052239384,16666666,530960052695759,530960052741509,530960052793843,530960053221801,530960054812551,3250,532375,-1,530960054812551,0,
0,3438125,530960064793150,530960064793150,0,530960066921468,530960066922801,530960066923468,530960067033676,530960081459816,530960066911718,16666666,530960067463509,530960067775676,530960067834884,530960069453968,530960075662593,1792,225167,-1,530960075662593,0,
0,3438127,530960081459816,530960081459816,0,530960082431718,530960082433051,530960082433676,530960082522259,530960098126482,530960082421509,16666666,530960082754593,530960083059509,530960083153259,530960085656051,530960089890968,2083,460458,-1,530960089890968,0,
0,3438129,530960098126482,530960098126482,0,530960100607468,530960100608176,530960100608509,530960100672634,530960114793148,530960100599218,16666666,530960100908176,530960101186468,530960101244968,530960102787593,530960107456509,4083,913833,-1,530960107456509,0,
0,3438131,530960114793148,530960114793148,0,530960116354509,530960116355593,530960116356009,530960116426051,530960131459814,530960116344884,16666666,530960116605593,530960118177343,530960118218551,530960118881884,530960122067176,4791,702917,-1,530960122067176,0,
0,3438133,530960131459814,530960131459814,0,530960133593468,530960133594759,530960133595426,530960133860301,530960148126480,530960133583301,16666666,530960134147218,530960134902593,530960134941301,530960136932384,530960147238634,3375,388166,-1,530960147238634,0,
0,3438135,530960148126480,530960148126480,0,530960148858343,530960148859801,530960148860509,530960148955759,530960164793146,530960148849134,16666666,530960149296218,530960149541093,530960149603718,530960150462676,530960160691384,3541,562666,-1,530960160691384,0,
0,3438137,530960164793146,530960164793146,0,530960166060301,530960166061801,530960166062426,530960166154843,530960181459812,530960166050759,16666666,530960166415593,530960166574093,530960166654426,530960169330593,530960173493759,3875,403834,-1,530960173493759,0,
0,3438139,530960181459812,530960181459812,0,530960183994468,530960183995884,530960183996551,530960184329926,530960198126478,530960183984218,16666666,530960184628134,530960184811468,530960184903676,530960185634176,530960191556051,3875,563542,-1,530960191556051,0,
0,3438141,530960198126478,530960198126478,0,530960199531759,530960199532968,530960199533593,530960199617093,530960214793144,530960199523384,16666666,530960199885176,530960200967676,530960201014176,530960202403801,530960210196718,3125,375791,-1,530960210196718,0,
0,3438143,530960214793144,530960214793144,0,530960215283509,530960215284843,530960215285468,530960215365801,530960231459810,530960215274468,16666666,530960215608718,530960216732426,530960216789218,530960218392135,530960228890010,3750,827583,-1,530960228890010,0,
0,3438145,530960231459810,530960231459810,0,530960231961385,530960231962885,530960231963510,530960232097218,530960248126476,530960231950468,16666666,530960232943843,530960234912176,530960234962926,530960236714843,530960247365426,3500,702792,-1,530960247365426,0,
0,3438147,530960248126476,530960248126476,0,530960249971760,530960249972593,530960249972968,530960250030218,530960264793142,530960249963635,16666666,530960250297260,530960250418593,530960250500885,530960252173010,530960258475218,2292,178000,-1,530960258475218,0,
0,3438149,530960264793142,530960264793142,0,530960266070385,530960266071801,530960266072468,530960266157551,530960281459808,530960266060301,16666666,530960266436551,530960266448551,530960266486051,530960267046593,530960278937593,3666,360125,-1,530960278937593,0,
0,3438151,530960281459808,530960281459808,0,530960282688843,530960282690218,530960282690843,530960282821635,530960298126474,530960282678926,16666666,530960283122468,530960283424801,530960283513468,530960284863760,530960288369468,4208,889500,-1,530960288369468,0,
0,3438153,530960298126474,530960298126474,0,530960301175551,530960301176885,530960301177593,530960301259551,530960314793140,530960301165885,16666666,530960301520968,530960301596343,530960301670551,530960302351301,530960306057593,3542,680209,-1,530960306057593,0,
0,3438155,530960314793140,530960314793140,0,530960317493926,530960317495426,530960317496010,530960317583093,530960331459806,530960317484135,16666666,530960317665010,530960317791426,530960317839843,530960318527593,530960326333343,3709,535917,-1,530960326333343,0,
0,3438159,530979381459044,530979381459044,833310167,530979382033102,530979382302019,530979382402852,530979382603810,530979398125710,530979382030185,16666666,530979382953310,530979383030310,530979383165727,530979384450602,530979393075144,2458,380000,-1,530979393075144,0,
0,3438161,530979398125710,530979398125710,525686864,530979399374644,530979399563727,530979399600435,530979399641769,530979414792376,530979399368685,16666666,530979399723102,530979399854560,530979399944019,530979402144644,530979414392477,3375,2259708,-1,530979414392477,0,
0,3438163,530979414792376,530979414792376,641317050,530979415573519,530979416661019,530979416846977,530979416904727,530979431459042,530979415563935,16666666,530979417018685,530979417884685,530979418050935,530979421257894,530979433917560,4250,1645583,-1,530979433917560,0,
0,3438167,530979481459040,530979481459040,654754095,530979484442519,530979484445185,530979484816394,530979484964144,530979498125706,530979484433852,16666666,530979485460185,530979485692810,530979485842269,530979486899560,530979493196894,2708,543334,-1,530979493196894,0,
0,3438169,530979498125706,530979498125706,0,530979500990810,530979500992227,530979501052269,530979501149560,530979514792372,530979500981519,16666666,530979501501060,530979501731269,530979502306352,530979503455685,530979519484227,4875,374666,-1,530979519484227,0,
0,3438170,530979514792372,530979514792372,0,530979516872852,530979516874352,530979516911352,530979516979310,530979531459038,530979516865685,16666666,530979517436227,530979519495310,530979519552602,530979519865102,530979538761477,17676458,373917,-1,530979538761477,0,
0,3438172,530979531459038,530979531459038,0,530979535391310,530979535393769,530979535448644,530979535547519,530979548125704,530979535379477,16666666,530979537925935,530979538772435,530979538818769,530979556609560,530979565604519,431958,2038083,-1,530979565604519,0,
0,3438174,530979548125704,530979548125704,0,530979549006894,530979549008185,530979549261977,530979549417435,530979564792370,530979548997852,16666666,530979550092394,530979565620685,530979566686185,530979606743144,530979612282185,3000,574042,-1,530979612282185,0,
0,3438176,530979564792370,530979564792370,0,530979565925769,530979565926602,530979565967144,530979566063769,530979581459036,530979565917977,16666666,530979566674685,530979612297519,530979612350394,530979612938144,530979619774894,4958,647042,-1,530979619774894,0,
0,3438177,530979581459036,530979598125702,0,530979612579644,530979612580852,530979612625102,530979612844435,530979598125702,530979612570269,16666666,530979613290185,530979619787685,530979619857685,530979629183310,530979636510227,165125,820375,-1,530979636510227,0,
0,3438180,530979614792368,530979614792368,0,530979620534019,530979620536227,530979620627685,530979620813269,530979631459034,530979620522435,16666666,530979621599102,530979636521144,530979636578394,530979642083977,530979652608602,6643625,417042,-1,530979652608602,0,
0,3438182,530979631459034,530979631459034,0,530979636769144,530979636769769,530979636804310,530979636906227,530979648125700,530979636763435,16666666,530979637275352,530979652625394,530979652707519,530979654967394,530979667215102,5012125,415833,-1,530979667215102,0,
0,3438184,530979648125700,530979648125700,0,530979652989102,530979652992310,530979653086935,530979653158977,530979664792366,530979652977227,16666666,530979653466227,530979667225185,530979667276352,530979677037144,530979683598852,315708,316500,-1,530979683598852,0,
0,3438186,530979664792366,530979664792366,0,530979667491644,530979667493102,530979667571394,530979667688644,530979681459032,530979667483602,16666666,530979668430519,530979683607477,530979683675144,530979688554519,530979702650977,7899959,729292,-1,530979702650977,0,
0,3438188,530979681459032,530979681459032,0,530979683878102,530979683878477,530979683987644,530979684410394,530979698125698,530979683868852,16666666,530979684679935,530979702660852,530979702723394,530979710408769,530979719047894,1305542,962250,-1,530979719047894,0,
0,3438190,530979698125698,530979698125698,0,530979702958685,530979702959477,530979703194935,530979703336310,530979714792364,530979702951977,16666666,530979703523852,530979719064310,530979719139185,530979723109935,530979733505769,4520209,411375,-1,530979733505769,0,
0,3438192,530979714792364,530979714792364,0,530979719384977,530979719386102,530979719673602,530979719766394,530979731459030,530979719377435,16666666,530979720908144,530979733520769,530979733574727,530979741345310,530979751409310,7982750,347792,-1,530979751409310,0,
0,3438194,530979731459030,530979731459030,0,530979733758310,530979733758685,530979733828560,530979733910685,530979748125696,530979733753060,16666666,530979734161310,530979751420894,530979751475935,530979758093269,530979766978310,3806458,365000,-1,530979766978310,0,
0,3438196,530979748125696,530979748125696,0,530979751701269,530979751703144,530979751839102,530979751911227,530979764792362,530979751694352,16666666,530979752209685,530979766989727,530979767032352,530979775958727,530979785108477,2958,296084,-1,530979785108477,0,
0,3438198,530979764792362,530979764792362,0,530979767201352,530979767201727,530979767304102,530979767364144,530979781459028,530979767195310,16666666,530979767492602,530979785117310,530979785177060,530979789947644,530979800649936,6649250,272958,-1,530979800649936,0,
0,3438200,530979781459028,530979781459028,0,530979785365102,530979785365935,530979785466769,530979785555935,530979798125694,530979785357477,16666666,530979785733685,530979800663769,530979800708727,530979802283811,530979816433602,6564208,294250,-1,530979816433602,0,
0,3438202,530979798125694,530979798125694,0,530979800988311,530979800989269,530979801141144,530979801210894,530979814792360,530979800982602,16666666,530979801387269,530979816444477,530979816537061,530979826580894,530979832937644,2084125,568042,-1,530979832937644,0,
0,3438204,530979814792360,530979814792360,0,530979816749602,530979816750561,530979816924894,530979817002269,530979831459026,530979816743102,16666666,530979817223311,530979832949644,530979833008477,530979837467602,530979850877769,5790500,481000,-1,530979850877769,0,
0,3438206,530979831459026,530979831459026,0,530979833233019,530979833235602,530979833403644,530979833487186,530979848125692,530979833179144,16666666,530979833665811,530979850895686,530979850981602,530979858585769,530979866133936,3151542,513458,-1,530979866133936,0,
0,3438208,530979848125692,530979848125692,0,530979851181727,530979851182102,530979851347727,530979851438977,530979864792358,530979851173311,16666666,530979851621644,530979866156352,530979866201686,530979871938977,530979883206311,7789500,468875,-1,530979883206311,0,
0,3438210,530979864792358,530979864792358,0,530979866454352,530979866455311,530979866842352,530979866941644,530979881459024,530979866443936,16666666,530979867264727,530979883217019,530979883274269,530979890926394,530979900225144,5970500,312417,-1,530979900225144,0,
0,3438212,530979881459024,530979881459024,0,530979883447644,530979883447977,530979883525061,530979883572936,530979898125690,530979883443852,16666666,530979883677686,530979900235769,530979900301644,530979909406227,530979916510644,3568667,286083,-1,530979916510644,0,
0,3438214,530979898125690,530979898125690,0,530979900508977,530979900509769,530979900690102,530979900795227,530979914792356,530979900503977,16666666,530979900991852,530979916518144,530979916593269,530979925488561,530979932660977,4434291,330709,-1,530979932660977,0,
0,3438216,530979914792356,530979914792356,0,530979916712352,530979916712561,530979916768186,530979916809061,530979931459022,530979916709144,16666666,530979916894019,530979932668727,530979932706477,530979934988852,530979949814977,7042958,360250,-1,530979949814977,0,
0,3438218,530979931459022,530979931459022,0,530979932893186,530979932893894,530979932992144,530979933061436,530979948125688,530979932888519,16666666,530979933193519,530979949824186,530979949905686,530979952472519,530979965838144,5084459,227666,-1,530979965838144,0,
0,3438224,530980081459016,530980081459016,0,530980082623519,530980082625311,530980082625561,530980082677144,530980098125682,530980082618977,16666666,530980082834061,530980083134186,530980083168727,530980083786061,530980085682477,2167,549084,-1,530980085682477,0,
0,3438226,530980098125682,530980098125682,0,530980102102769,530980102104811,530980102105061,530980102165019,530980114792348,530980102097436,16666666,530980102461894,530980102814977,530980102861561,530980104151436,530980110228561,2458,234208,-1,530980110228561,0,
0,3438228,530980114792348,530980114792348,0,530980115530019,530980115532352,530980115532894,530980115624102,530980131459014,530980115522477,16666666,530980115916602,530980115944477,530980115997602,530980117637352,530980124364477,1750,652750,-1,530980124364477,0,
0,3438230,530980131459014,530980131459014,0,530980133495019,530980133497186,530980133497519,530980133577352,530980148125680,530980133488269,16666666,530980133833602,530980134478311,530980134518852,530980135133186,530980141310727,3166,388750,-1,530980141310727,0,
0,3438232,530980148125680,530980148125680,0,530980150136894,530980150138977,530980150139227,530980150372519,530980164792346,530980150128561,16666666,530980150742394,530980150999727,530980151069102,530980151458144,530980162603769,2708,597833,-1,530980162603769,0,
0,3438234,530980164792346,530980164792346,0,530980165694269,530980165695436,530980165695811,530980165750561,530980181459012,530980165689186,16666666,530980165892852,530980166005977,530980166096561,530980166680144,530980172026144,1750,360500,-1,530980172026144,0,
0,3438236,530980181459012,530980181459012,0,530980184485561,530980184487352,530980184487644,530980184602811,530980198125678,530980184478561,16666666,530980184759102,530980184963061,530980185236686,530980190516352,530980201961852,1750,525666,-1,530980201961852,0,
0,3438237,530980198125678,530980198125678,0,530980198585269,530980198586477,530980198586769,530980198643269,530980214792344,530980198579769,16666666,530980198762811,530980201969602,530980202008519,530980202248144,530980216815394,13382084,308042,-1,530980216815394,0,
0,3438239,530980214792344,530980214792344,0,530980215223894,530980215225644,530980215225894,530980215296144,530980231459010,530980215217394,16666666,530980215450227,530980216825352,530980216867936,530980220270852,530980233958186,7017750,394583,-1,530980233958186,0,
0,3438241,530980231459010,530980231459010,0,530980232967102,530980232969436,530980232969936,530980233068561,530980248125676,530980232958936,16666666,530980233321019,530980233966602,530980234015894,530980239155894,530980249546852,6072042,352584,-1,530980249546852,0,
0,3438243,530980248125676,530980248125676,0,530980248527644,530980248530061,530980248530561,530980248606852,530980264792342,530980248520227,16666666,530980248924102,530980249556394,530980249664144,530980250777352,530980267464894,6769834,164500,-1,530980267464894,0,
0,3438245,530980264792342,530980264792342,0,530980266267019,530980266268352,530980266268519,530980266326394,530980281459008,530980266261269,16666666,530980266564352,530980267471311,530980267504394,530980270297227,530980282751311,6136666,221542,-1,530980282751311,0,
0,3438247,530980281459008,530980281459008,0,530980281861061,530980281862477,530980281862644,530980282068436,530980298125674,530980281855061,16666666,530980282327186,530980282758061,530980282787936,530980294187561,530980301238686,5499875,137167,-1,530980301238686,0,
0,3438249,530980298125674,530980298125674,0,530980300463769,530980300464727,530980300464936,530980300518644,530980314792340,530980300459269,16666666,530980300633436,530980301243311,530980301280227,530980305038686,530980316132852,7572125,122458,-1,530980316132852,0,
0,3438251,530980314792340,530980314792340,0,530980315521852,530980315522936,530980315523102,530980315593186,530980331459006,530980315514852,16666666,530980315723602,530980316138519,530980316173519,530980318768102,530980333416436,9484042,185458,-1,530980333416436,0,
0,3438253,530980331459006,530980331459006,0,530980332463227,530980332464727,530980332464852,530980332534519,530980348125672,530980332456727,16666666,530980332871811,530980333421602,530980333449644,530980335771644,530980349376769,6186833,211000,-1,530980349376769,0,
0,3438255,530980348125672,530980348125672,0,530980348737019,530980348737894,530980348738061,530980348787019,530980364792338,530980348732769,16666666,530980348826602,530980349386061,530980349427269,530980351569269,530980367202394,12764792,537583,-1,530980367202394,0,
0,3438259,530980581458996,530980581458996,724735728,530980583571394,530980583572311,530980583572519,530980583616311,530980598125662,530980583568144,16666666,530980587000936,530980587137478,530980587170561,530980601998519,530980610890019,2000,316167,-1,530980610890019,0,
0,3438262,530980598125662,530980598125662,0,530980601371978,530980601373394,530980601520894,530980601597436,530980614792328,530980601365269,16666666,530980602052103,530980610932186,530980610966103,530980613114436,530980619465353,335041,352916,-1,530980619465353,0,
2,3438265,530980614792328,530980614792328,0,530980614792328,530980614792328,530980614792328,530980614792328,530980631458994,0,16666666,530980619525894,530980619526103,530980619603728,530980622398894,530980632940228,1004250,364167,-1,530980632940228,0,
0,3438265,530980614792328,530980614792328,0,530980625741519,530980625743436,530980626040561,530980626125061,530980631458994,530980625733478,16666666,530980626613019,530980633017603,530980633147728,530980644481061,530980652515769,2417,525125,-1,530980652515769,0,
2,3438274,530980664792326,530980664792326,0,530980664792326,530980664792326,530980664792326,530980664792326,530980681458992,0,16666666,530980669205478,530980669206228,530980669366811,530980671035144,530980678251644,3334,504291,-1,530980678251644,0,
2,3438276,530980681458992,530980681458992,0,530980681458992,530980681458992,530980681458992,530980681458992,530980698125658,0,16666666,530980685845603,530980685846394,530980685888978,530980686895353,530980695522853,5000,513584,-1,530980695522853,0,
2,3438279,530980698125658,530980698125658,0,530980698125658,530980698125658,530980698125658,530980698125658,530980714792324,0,16666666,530980702310561,530980702314769,530980702345436,530980702810228,530980709750853,1791,164459,-1,530980709750853,0,
2,3438282,530980731458990,530980731458990,0,530980731458990,530980731458990,530980731458990,530980731458990,530980731458990,0,16666666,530980734089186,530980734089603,530980734114894,530980739851353,530980741706603,2125,694791,-1,530980741706603,0,
0,3438279,530980698125658,530980731458990,0,530980745136478,530980745136978,530980745759103,530980746564603,530980714792324,530980745132936,16666666,530980758328894,530980758479103,530980758523894,530980759149478,530980760146353,1417,223542,-1,530980760146353,0,
0,3438291,530980764792322,530980764792322,0,530980765767769,530980765768769,530980766254936,530980767483478,530980781458988,530980765762603,16666666,530980768309186,530980784658436,530980784719936,530980786458519,530980790243186,1500,221375,-1,530980790243186,0,
0,3438294,530980781458988,530980781458988,0,530980785104561,530980785105519,530980785731103,530980790548478,530980798125654,530980785098186,16666666,530980791547769,530980806136478,530980806195936,530980806654353,530980807723603,1833,271792,-1,530980807723603,0,
0,3438297,530980798125654,530980798125654,0,530980807858478,530980807859061,530980808168894,530980808998061,530980814792320,530980807855478,16666666,530980809421228,530980819278019,530980819354894,530980819796186,530980825538019,1375,258917,-1,530980825538019,0,
0,3438303,530980831458986,530980831458986,0,530980837113103,530980837113769,530980837490644,530980837655686,530980848125652,530980837109769,16666666,530980838427478,530980838480769,530980838573936,530980839877644,530980842937436,1292,144792,-1,530980842937436,0,
2,3438309,530980881458984,530980881458984,0,530980881458984,530980881458984,530980881458984,530980881458984,530980881458984,0,16666666,530980884583978,530980884584311,530980884604478,530980889305853,530980891285853,1833,239667,-1,530980891285853,0,
2,3438315,530980914792316,530980914792316,0,530980914792316,530980914792316,530980914792316,530980914792316,530980914792316,0,16666666,530980916314103,530980916314478,530980916338478,530980919059686,530980925189436,1833,245291,-1,530980925189436,0,
2,3438321,530980931458982,530980931458982,0,530980931458982,530980931458982,530980931458982,530980931458982,530980948125648,0,16666666,530980935683769,530980935684269,530980935714019,530980936493894,530980938605853,3500,197625,-1,530980938605853,0,
2,3438324,530980948125648,530980948125648,0,530980948125648,530980948125648,530980948125648,530980948125648,530980964792314,0,16666666,530980952311269,530980952311603,530980952338519,530980952634436,530980957236644,1917,272708,-1,530980957236644,0,
2,3438327,530980964792314,530980964792314,0,530980964792314,530980964792314,530980964792314,530980964792314,530980981458980,0,16666666,530980969262186,530980969262894,530980969301353,530980969935478,530980973063978,1791,260417,-1,530980973063978,0,
2,3438330,530980981458980,530980981458980,0,530980981458980,530980981458980,530980981458980,530980981458980,530980998125646,0,16666666,530980985716353,530980985717728,530980985755936,530980986857644,530980990350478,1625,202209,-1,530980990350478,0,
2,3438333,530980998125646,530980998125646,0,530980998125646,530980998125646,530980998125646,530980998125646,530981014792312,0,16666666,530981002406019,530981002406561,530981002435728,530981003609811,530981009887311,1750,255125,-1,530981009887311,0,
2,3438336,530981014792312,530981014792312,0,530981014792312,530981014792312,530981014792312,530981014792312,530981031458978,0,16666666,530981019027811,530981019028311,530981019110144,530981019817561,530981023716561,1417,219667,-1,530981023716561,0,
2,3438339,530981031458978,530981031458978,0,530981031458978,530981031458978,530981031458978,530981031458978,530981048125644,0,16666666,530981035674769,530981035675186,530981035858894,530981036942061,530981043243853,3041,289250,-1,530981043243853,0,
0,3438342,530981048125644,530981048125644,0,530981050114311,530981050115769,530981050116103,530981050215728,530981064792310,530981050105311,16666666,530981050445061,530981050571436,530981050679436,530981051708686,530981063351728,2625,783792,-1,530981063351728,0,
2,3438345,530981064792310,530981064792310,0,530981064792310,530981064792310,530981064792310,530981064792310,530981081458976,0,16666666,530981069017769,530981069018311,530981069068394,530981070731894,530981078814186,2959,455792,-1,530981078814186,0,
2,3438348,530981081458976,530981081458976,0,530981081458976,530981081458976,530981081458976,530981081458976,530981098125642,0,16666666,530981085692478,530981085693186,530981085723061,530981086254853,530981092424019,1625,218750,-1,530981092424019,0,
2,3438351,530981098125642,530981098125642,0,530981098125642,530981098125642,530981098125642,530981098125642,530981114792308,0,16666666,530981102426894,530981102427478,530981102459561,530981102795644,530981109016894,1583,208583,-1,530981109016894,0,
2,3438354,530981114792308,530981114792308,0,530981114792308,530981114792308,530981114792308,530981114792308,530981131458974,0,16666666,530981119019436,530981119020311,530981119053769,530981119397228,530981122467936,3375,235625,-1,530981122467936,0,
2,3438357,530981131458974,530981131458974,0,530981131458974,530981131458974,530981131458974,530981131458974,530981148125640,0,16666666,530981135676561,530981135677103,530981135704936,530981136278144,530981142502644,4042,307458,-1,530981142502644,0,
---PROFILEDATA---


	com.example.stability/com.example.stability.arouter.ARouterMainActivity/android.view.ViewRootImpl@c49edf9 (visibility=0)
Window: com.example.stability/com.example.stability.arouter.ARouterMainActivity
Stats since: 530980683262769ns
Total frames rendered: 65
Janky frames: 0 (0.00%)
Janky frames (legacy): 27 (41.54%)
50th percentile: 16ms
90th percentile: 18ms
95th percentile: 19ms
99th percentile: 93ms
Number Missed Vsync: 0
Number High input latency: 34
Number Slow UI thread: 0
Number Slow bitmap uploads: 0
Number Slow issue draw commands: 0
Number Frame deadline missed: 0
Number Frame deadline missed (legacy): 2
HISTOGRAM: 5ms=0 6ms=4 7ms=7 8ms=5 9ms=6 10ms=4 11ms=0 12ms=2 13ms=0 14ms=3 15ms=1 16ms=1 17ms=16 18ms=10 19ms=3 20ms=1 21ms=0 22ms=0 23ms=0 24ms=0 25ms=0 26ms=0 27ms=0 28ms=0 29ms=0 30ms=0 31ms=0 32ms=0 34ms=0 36ms=0 38ms=0 40ms=0 42ms=0 44ms=0 46ms=0 48ms=0 53ms=1 57ms=0 61ms=0 65ms=0 69ms=0 73ms=0 77ms=0 81ms=0 85ms=0 89ms=0 93ms=1 97ms=0 101ms=0 105ms=0 109ms=0 113ms=0 117ms=0 121ms=0 125ms=0 129ms=0 133ms=0 150ms=0 200ms=0 250ms=0 300ms=0 350ms=0 400ms=0 450ms=0 500ms=0 550ms=0 600ms=0 650ms=0 700ms=0 750ms=0 800ms=0 850ms=0 900ms=0 950ms=0 1000ms=0 1050ms=0 1100ms=0 1150ms=0 1200ms=0 1250ms=0 1300ms=0 1350ms=0 1400ms=0 1450ms=0 1500ms=0 1550ms=0 1600ms=0 1650ms=0 1700ms=0 1750ms=0 1800ms=0 1850ms=0 1900ms=0 1950ms=0 2000ms=0 2050ms=0 2100ms=0 2150ms=0 2200ms=0 2250ms=0 2300ms=0 2350ms=0 2400ms=0 2450ms=0 2500ms=0 2550ms=0 2600ms=0 2650ms=0 2700ms=0 2750ms=0 2800ms=0 2850ms=0 2900ms=0 2950ms=0 3000ms=0 3050ms=0 3100ms=0 3150ms=0 3200ms=0 3250ms=0 3300ms=0 3350ms=0 3400ms=0 3450ms=0 3500ms=0 3550ms=0 3600ms=0 3650ms=0 3700ms=0 3750ms=0 3800ms=0 3850ms=0 3900ms=0 3950ms=0 4000ms=0 4050ms=0 4100ms=0 4150ms=0 4200ms=0 4250ms=0 4300ms=0 4350ms=0 4400ms=0 4450ms=0 4500ms=0 4550ms=0 4600ms=0 4650ms=0 4700ms=0 4750ms=0 4800ms=0 4850ms=0 4900ms=0 4950ms=0
50th gpu percentile: 4950ms
90th gpu percentile: 4950ms
95th gpu percentile: 4950ms
99th gpu percentile: 4950ms
GPU HISTOGRAM: 1ms=0 2ms=0 3ms=0 4ms=0 5ms=0 6ms=0 7ms=0 8ms=0 9ms=0 10ms=0 11ms=0 12ms=0 13ms=0 14ms=0 15ms=0 16ms=0 17ms=0 18ms=0 19ms=0 20ms=0 21ms=0 22ms=0 23ms=0 24ms=0 25ms=0 4950ms=0


---PROFILEDATA---
Flags,FrameTimelineVsyncId,IntendedVsync,Vsync,InputEventId,HandleInputStart,AnimationStart,PerformTraversalsStart,DrawStart,FrameDeadline,FrameInterval,FrameStartTime,SyncQueued,SyncStart,IssueDrawCommandsStart,SwapBuffers,FrameCompleted,DequeueBufferDuration,QueueBufferDuration,GpuCompleted,SwapBuffersCompleted,DisplayPresentTime,
1,3438268,530980631458994,530980681458992,0,530980686020103,530980686021769,530980686410853,530980712314519,530980648125660,530980686009394,16666666,530980716578269,530980724284353,530980724348186,530980729332478,530980733656144,2958,437833,-1,530980733656144,0,
0,3438279,530980698125658,530980731458990,0,530980745136478,530980745136978,530980745759103,530980745806811,530980714792324,530980745132936,16666666,530980746148353,530980746405978,530980746452269,530980747163103,530980751916269,2291,1394250,-1,530980751916269,0,
0,3438288,530980748125656,530980748125656,0,530980759719769,530980759720978,530980760220936,530980761095644,530980764792322,530980759713103,16666666,530980761288936,530980761378311,530980761396603,530980761990811,530980767396603,1417,194291,-1,530980767396603,0,
0,3438291,530980764792322,530980764792322,0,530980765767769,530980765768769,530980766254936,530980766681311,530980781458988,530980765762603,16666666,530980767375019,530980767405978,530980767427853,530980768536061,530980783472519,7659917,237125,-1,530980783472519,0,
0,3438294,530980781458988,530980781458988,0,530980785104561,530980785105519,530980785731103,530980785774228,530980798125654,530980785098186,16666666,530980786264978,530980790353561,530980790383269,530980790662269,530980800054769,8430917,116375,-1,530980800054769,0,
0,3438297,530980798125654,530980798125654,0,530980807858478,530980807859061,530980808168894,530980808207769,530980814792320,530980807855478,16666666,530980808720769,530980808884436,530980808913478,530980809245103,530980817017269,6983708,67000,-1,530980817017269,0,
0,3438300,530980814792320,530980814792320,0,530980819612228,530980819612853,530980820255603,530980820532103,530980831458986,530980819600853,16666666,530980821100478,530980825583353,530980825613519,530980825835686,530980833435644,6748167,154208,-1,530980833435644,0,
0,3438303,530980831458986,530980831458986,0,530980837113103,530980837113769,530980837490644,530980838635144,530980848125652,530980837109769,16666666,530980838850561,530980842988686,530980843023478,530980843218061,530980850464728,6560417,32500,-1,530980850464728,0,
0,3438306,530980848125652,530980848125652,0,530980849716686,530980849717186,530980849857853,530980849898853,530980864792318,530980849713519,16666666,530980850073728,530980850481269,530980850510103,530980857636478,530980866077728,6664000,219500,-1,530980866077728,0,
0,3438309,530980864792318,530980864792318,0,530980865164978,530980865165894,530980865265436,530980865302519,530980881458984,530980865160144,16666666,530980865525144,530980866088269,530980866117144,530980868742311,530980884564019,9429375,268000,-1,530980884564019,0,
0,3438312,530980881458984,530980881458984,0,530980883851436,530980883852228,530980883957478,530980883991644,530980898125650,530980883846686,16666666,530980884221644,530980891337644,530980891370853,530980891722269,530980900871353,8367333,123625,-1,530980900871353,0,
0,3438315,530980898125650,530980898125650,0,530980900131228,530980900132144,530980900247269,530980900282603,530980914792316,530980900125853,16666666,530980900513478,530980900880144,530980900911561,530980905554853,530980916297978,8695917,232792,-1,530980916297978,0,
0,3438373,530982564792250,530982564792250,430050320,530982565862812,530982565866228,530982566332103,530982566584228,530982581458916,530982565841645,16666666,530982567858353,530982568512520,530982568540770,530982569055020,530982575001687,1791,374917,-1,530982575001687,0,
0,3438375,530982581458916,530982581458916,0,530982583109853,530982583111562,530982583272603,530982583338187,530982598125582,530982583102270,16666666,530982583520687,530982583576728,530982583635478,530982583986853,530982587814270,2416,251333,-1,530982587814270,0,
0,3438377,530982598125582,530982598125582,0,530982599820104,530982599822979,530982600217062,530982600279312,530982614792248,530982599808854,16666666,530982600403020,530982600465520,530982600492270,530982600835937,530982604420854,2625,338375,-1,530982604420854,0,
0,3438379,530982614792248,530982614792248,0,530982616569270,530982616570020,530982616717145,530982616759020,530982631458914,530982616564937,16666666,530982616871062,530982616944854,530982617037020,530982617394645,530982622667520,1708,277292,-1,530982622667520,0,
0,3438381,530982631458914,530982631458914,911876095,530982632094812,530982632095437,530982632244562,530982632348812,530982648125580,530982632090979,16666666,530982632597520,530982632810562,530982632883812,530982633621937,530982644368687,2333,339917,-1,530982644368687,0,
0,3438383,530982648125580,530982648125580,0,530982649437979,530982649439062,530982649557812,530982649609062,530982664792246,530982649431395,16666666,530982649780729,530982649866645,530982649903687,530982650269645,530982655883770,1667,353959,-1,530982655883770,0,
0,3438385,530982664792246,530982664792246,0,530982665304187,530982665305145,530982665445145,530982665488104,530982681458912,530982665298729,16666666,530982665807729,530982665905812,530982665933645,530982667283979,530982672673520,1959,305917,-1,530982672673520,0,
0,3438387,530982681458912,530982681458912,0,530982681891312,530982681892145,530982682030479,530982682075395,530982698125578,530982681885645,16666666,530982682204479,530982682323187,530982682394937,530982683787479,530982697608645,1333,279583,-1,530982697608645,0,
0,3438389,530982698125578,530982698125578,0,530982698458062,530982698459020,530982698597979,530982698673687,530982714792244,530982698453354,16666666,530982698998270,530982699046729,530982699105520,530982699461562,530982708690354,3750,555875,-1,530982708690354,0,
0,3438391,530982714792244,530982714792244,0,530982715286312,530982715287312,530982715445354,530982715574062,530982731458910,530982715280979,16666666,530982715951937,530982716082354,530982716111104,530982716449437,530982725103270,3667,687833,-1,530982725103270,0,
0,3438393,530982731458910,530982731458910,0,530982732326229,530982732327270,530982732491062,530982732533437,530982748125576,530982732320687,16666666,530982732659687,530982732676645,530982732707812,530982733258895,530982741504854,1500,248291,-1,530982741504854,0,
2,3438395,530982748125576,530982748125576,0,530982748125576,530982748125576,530982748125576,530982748125576,530982764792242,0,16666666,530982752531729,530982752532145,530982752556354,530982752845812,530982755649104,1916,350958,-1,530982755649104,0,
2,3438397,530982764792242,530982764792242,0,530982764792242,530982764792242,530982764792242,530982764792242,530982781458908,0,16666666,530982769006979,530982769007395,530982769025854,530982769751062,530982772427145,1666,426250,-1,530982772427145,0,
2,3438399,530982781458908,530982781458908,0,530982781458908,530982781458908,530982781458908,530982781458908,530982798125574,0,16666666,530982785830270,530982785830979,530982785851145,530982787012854,530982789769020,1625,315791,-1,530982789769020,0,
2,3438401,530982798125574,530982798125574,0,530982798125574,530982798125574,530982798125574,530982798125574,530982814792240,0,16666666,530982802389020,530982802389687,530982802409979,530982802693895,530982806459687,2375,377333,-1,530982806459687,0,
2,3438403,530982814792240,530982814792240,0,530982814792240,530982814792240,530982814792240,530982814792240,530982831458906,0,16666666,530982818983979,530982818984312,530982819000645,530982819236645,530982830007229,1833,311083,-1,530982830007229,0,
2,3438405,530982831458906,530982831458906,0,530982831458906,530982831458906,530982831458906,530982831458906,530982848125572,0,16666666,530982835815187,530982835829020,530982835850645,530982836155979,530982840525062,1958,371584,-1,530982840525062,0,
2,3438407,530982848125572,530982848125572,0,530982848125572,530982848125572,530982848125572,530982848125572,530982864792238,0,16666666,530982852703270,530982852703812,530982852725312,530982853433354,530982857837687,1625,314042,-1,530982857837687,0,
2,3438409,530982864792238,530982864792238,0,530982864792238,530982864792238,530982864792238,530982864792238,530982881458904,0,16666666,530982869008270,530982869009312,530982869030604,530982869730770,530982872453229,1500,251875,-1,530982872453229,0,
2,3438411,530982881458904,530982881458904,0,530982881458904,530982881458904,530982881458904,530982881458904,530982898125570,0,16666666,530982885666354,530982885666770,530982885683187,530982885989229,530982888044479,1541,314250,-1,530982888044479,0,
2,3438413,530982898125570,530982898125570,0,530982898125570,530982898125570,530982898125570,530982898125570,530982914792236,0,16666666,530982903119562,530982903120062,530982903140729,530982903430895,530982906871145,2000,314000,-1,530982906871145,0,
2,3438415,530982914792236,530982914792236,0,530982914792236,530982914792236,530982914792236,530982914792236,530982931458902,0,16666666,530982919015145,530982919015562,530982919032895,530982919596395,530982923240187,3167,419541,-1,530982923240187,0,
2,3438417,530982931458902,530982931458902,0,530982931458902,530982931458902,530982931458902,530982931458902,530982948125568,0,16666666,530982935759187,530982935760270,530982935785520,530982936656854,530982939034520,2000,292416,-1,530982939034520,0,
2,3438419,530982948125568,530982948125568,0,530982948125568,530982948125568,530982948125568,530982948125568,530982964792234,0,16666666,530982952359187,530982952359854,530982952382354,530982953518479,530982956376104,1792,469042,-1,530982956376104,0,
2,3438421,530982964792234,530982964792234,0,530982964792234,530982964792234,530982964792234,530982964792234,530982981458900,0,16666666,530982969513062,530982969513645,530982969529104,530982969775020,530982973899895,1834,228875,-1,530982973899895,0,
2,3438423,530982981458900,530982981458900,0,530982981458900,530982981458900,530982981458900,530982981458900,530982998125566,0,16666666,530982985667979,530982985668520,530982985689104,530982986014145,530982990564645,1916,249125,-1,530982990564645,0,
2,3438425,530982998125566,530982998125566,0,530982998125566,530982998125566,530982998125566,530982998125566,530983014792232,0,16666666,530983002338479,530983002339104,530983002356895,530983002667562,530983004511187,1833,334250,-1,530983004511187,0,
2,3438427,530983014792232,530983014792232,0,530983014792232,530983014792232,530983014792232,530983014792232,530983031458898,0,16666666,530983018981312,530983018981562,530983019054104,530983019313354,530983024057312,1833,319000,-1,530983024057312,0,
0,3438429,530983031458898,530983031458898,0,530983032472979,530983032473979,530983032474145,530983032522854,530983048125564,530983032467062,16666666,530983032667729,530983032946979,530983032975020,530983033344145,530983042680854,3125,865584,-1,530983042680854,0,
2,3438431,530983048125564,530983048125564,0,530983048125564,530983048125564,530983048125564,530983048125564,530983064792230,0,16666666,530983052326770,530983052327145,530983052344479,530983052589562,530983065869979,2458,352250,-1,530983065869979,0,
2,3438432,530983064792230,530983064792230,0,530983064792230,530983064792230,530983064792230,530983064792230,530983081458896,0,16666666,530983068965562,530983068966062,530983068983062,530983069228687,530983082572395,9539042,468584,-1,530983082572395,0,
2,3438434,530983081458896,530983081458896,0,530983081458896,530983081458896,530983081458896,530983081458896,530983098125562,0,16666666,530983086541270,530983086541854,530983086562395,530983086878770,530983099604812,8485500,276333,-1,530983099604812,0,
2,3438436,530983098125562,530983098125562,0,530983098125562,530983098125562,530983098125562,530983098125562,530983114792228,0,16666666,530983102295479,530983102295729,530983102309229,530983109859687,530983116129020,5343125,180042,-1,530983116129020,0,
2,3438438,530983114792228,530983114792228,0,530983114792228,530983114792228,530983114792228,530983114792228,530983131458894,0,16666666,530983118963437,530983118963770,530983118979895,530983122047937,530983132362437,7349041,243000,-1,530983132362437,0,
2,3438440,530983131458894,530983131458894,0,530983131458894,530983131458894,530983131458894,530983131458894,530983148125560,0,16666666,530983136293854,530983136294229,530983136317520,530983138646104,530983150412354,7513125,194500,-1,530983150412354,0,
2,3438442,530983148125560,530983148125560,0,530983148125560,530983148125560,530983148125560,530983148125560,530983164792226,0,16666666,530983152294312,530983152294437,530983152308437,530983159231437,530983166226937,2956000,159667,-1,530983166226937,0,
2,3438444,530983164792226,530983164792226,0,530983164792226,530983164792226,530983164792226,530983164792226,530983181458892,0,16666666,530983168961645,530983168961895,530983168976020,530983175292895,530983184243437,4336875,298625,-1,530983184243437,0,
2,3438446,530983181458892,530983181458892,0,530983181458892,530983181458892,530983181458892,530983181458892,530983198125558,0,16666666,530983185627312,530983185627520,530983185639645,530983190282562,530983199387312,5739292,195208,-1,530983199387312,0,
2,3438448,530983198125558,530983198125558,0,530983198125558,530983198125558,530983198125558,530983198125558,530983214792224,0,16666666,530983202299270,530983202301312,530983202318020,530983206085270,530983219050729,1826750,980416,-1,530983219050729,0,
2,3438450,530983214792224,530983214792224,0,530983214792224,530983214792224,530983214792224,530983214792224,530983231458890,0,16666666,530983219112895,530983219113270,530983219136770,530983225516854,530983232563854,1751458,279208,-1,530983232563854,0,
2,3438452,530983231458890,530983231458890,0,530983231458890,530983231458890,530983231458890,530983231458890,530983248125556,0,16666666,530983236587812,530983236588437,530983236607854,530983237011854,530983249933395,10662292,322125,-1,530983249933395,0,
2,3438454,530983248125556,530983248125556,0,530983248125556,530983248125556,530983248125556,530983248125556,530983264792222,0,16666666,530983252584770,530983252585104,530983252607270,530983258714229,530983265603479,5905125,223167,-1,530983265603479,0,
2,3438456,530983264792222,530983264792222,0,530983264792222,530983264792222,530983264792222,530983264792222,530983281458888,0,16666666,530983268966395,530983268966937,530983268985145,530983269299229,530983282544187,11468500,347750,-1,530983282544187,0,
2,3438458,530983281458888,530983281458888,0,530983281458888,530983281458888,530983281458888,530983281458888,530983298125554,0,16666666,530983285967854,530983285968646,530983285996521,530983286276854,530983299012937,10781167,299500,-1,530983299012937,0,
2,3438460,530983298125554,530983298125554,0,530983298125554,530983298125554,530983298125554,530983298125554,530983314792220,0,16666666,530983302997354,530983302997729,530983303017729,530983303534729,530983315697646,9763583,224500,-1,530983315697646,0,
2,3438462,530983314792220,530983314792220,0,530983314792220,530983314792220,530983314792220,530983314792220,530983331458886,0,16666666,530983318968229,530983318968937,530983318988896,530983319806271,530983332375062,10365458,248875,-1,530983332375062,0,
2,3438464,530983331458886,530983331458886,0,530983331458886,530983331458886,530983331458886,530983331458886,530983348125552,0,16666666,530983336066187,530983336067104,530983336089812,530983336958437,530983349765021,10642125,218083,-1,530983349765021,0,
2,3438466,530983348125552,530983348125552,0,530983348125552,530983348125552,530983348125552,530983348125552,530983364792218,0,16666666,530983352300729,530983352301354,530983352322021,530983352939104,530983366446854,10308708,223417,-1,530983366446854,0,
2,3438468,530983364792218,530983364792218,0,530983364792218,530983364792218,530983364792218,530983364792218,530983381458884,0,16666666,530983369098437,530983369099021,530983369119687,530983370987937,530983383083062,9986083,189500,-1,530983383083062,0,
2,3438470,530983381458884,530983381458884,0,530983381458884,530983381458884,530983381458884,530983381458884,530983398125550,0,16666666,530983385633479,530983385634146,530983385652521,530983386608604,530983399139604,8903667,243375,-1,530983399139604,0,
2,3438472,530983398125550,530983398125550,0,530983398125550,530983398125550,530983398125550,530983398125550,530983414792216,0,16666666,530983402918354,530983402918979,530983403055312,530983403689396,530983415917354,9827625,295375,-1,530983415917354,0,
0,3438474,530983414792216,530983414792216,0,530983415235396,530983415236271,530983415236437,530983415312896,530983431458882,530983415227187,16666666,530983415486354,530983415944271,530983416120312,530983423989229,530983432258896,6116417,261667,-1,530983432258896,0,
0,3438476,530983431458882,530983431458882,0,530983431722437,530983431723437,530983431723604,530983431765812,530983448125548,530983431718187,16666666,530983431863812,530983432289396,530983432323812,530983436138771,530983449178854,11207792,357250,-1,530983449178854,0,
---PROFILEDATA---


View hierarchy:

  com.example.stability/com.example.stability.MainActivity/android.view.ViewRootImpl@a071cc0
  31 views, 62.55 kB of render nodes

  com.example.stability/com.example.stability.arouter.ARouterMainActivity/android.view.ViewRootImpl@c49edf9
  17 views, 39.07 kB of render nodes


Total ViewRootImpl   : 2
Total attached Views : 48
Total RenderNode     : 101.63 kB (used) / 193.49 kB (capacity)


** Graphics info for pid 1090 [com.android.launcher3] **

Stats since: 540692978794841ns
Total frames rendered: 0
Janky frames: 0 (0.00%)
Janky frames (legacy): 0 (0.00%)
50th percentile: 4950ms
90th percentile: 4950ms
95th percentile: 4950ms
99th percentile: 4950ms
Number Missed Vsync: 0
Number High input latency: 0
Number Slow UI thread: 0
Number Slow bitmap uploads: 0
Number Slow issue draw commands: 0
Number Frame deadline missed: 0
Number Frame deadline missed (legacy): 0
HISTOGRAM: 5ms=0 6ms=0 7ms=0 8ms=0 9ms=0 10ms=0 11ms=0 12ms=0 13ms=0 14ms=0 15ms=0 16ms=0 17ms=0 18ms=0 19ms=0 20ms=0 21ms=0 22ms=0 23ms=0 24ms=0 25ms=0 26ms=0 27ms=0 28ms=0 29ms=0 30ms=0 31ms=0 32ms=0 34ms=0 36ms=0 38ms=0 40ms=0 42ms=0 44ms=0 46ms=0 48ms=0 53ms=0 57ms=0 61ms=0 65ms=0 69ms=0 73ms=0 77ms=0 81ms=0 85ms=0 89ms=0 93ms=0 97ms=0 101ms=0 105ms=0 109ms=0 113ms=0 117ms=0 121ms=0 125ms=0 129ms=0 133ms=0 150ms=0 200ms=0 250ms=0 300ms=0 350ms=0 400ms=0 450ms=0 500ms=0 550ms=0 600ms=0 650ms=0 700ms=0 750ms=0 800ms=0 850ms=0 900ms=0 950ms=0 1000ms=0 1050ms=0 1100ms=0 1150ms=0 1200ms=0 1250ms=0 1300ms=0 1350ms=0 1400ms=0 1450ms=0 1500ms=0 1550ms=0 1600ms=0 1650ms=0 1700ms=0 1750ms=0 1800ms=0 1850ms=0 1900ms=0 1950ms=0 2000ms=0 2050ms=0 2100ms=0 2150ms=0 2200ms=0 2250ms=0 2300ms=0 2350ms=0 2400ms=0 2450ms=0 2500ms=0 2550ms=0 2600ms=0 2650ms=0 2700ms=0 2750ms=0 2800ms=0 2850ms=0 2900ms=0 2950ms=0 3000ms=0 3050ms=0 3100ms=0 3150ms=0 3200ms=0 3250ms=0 3300ms=0 3350ms=0 3400ms=0 3450ms=0 3500ms=0 3550ms=0 3600ms=0 3650ms=0 3700ms=0 3750ms=0 3800ms=0 3850ms=0 3900ms=0 3950ms=0 4000ms=0 4050ms=0 4100ms=0 4150ms=0 4200ms=0 4250ms=0 4300ms=0 4350ms=0 4400ms=0 4450ms=0 4500ms=0 4550ms=0 4600ms=0 4650ms=0 4700ms=0 4750ms=0 4800ms=0 4850ms=0 4900ms=0 4950ms=0
50th gpu percentile: 4950ms
90th gpu percentile: 4950ms
95th gpu percentile: 4950ms
99th gpu percentile: 4950ms
GPU HISTOGRAM: 1ms=0 2ms=0 3ms=0 4ms=0 5ms=0 6ms=0 7ms=0 8ms=0 9ms=0 10ms=0 11ms=0 12ms=0 13ms=0 14ms=0 15ms=0 16ms=0 17ms=0 18ms=0 19ms=0 20ms=0 21ms=0 22ms=0 23ms=0 24ms=0 25ms=0 4950ms=0
Pipeline=Skia (OpenGL)
CPU Caches:
  Glyph Cache: 318.58 KB (1 entry)
  Shadows: 24.43 KB (3 entries)
  Glyph Count: 58 
Total CPU memory usage:
  351251 bytes, 343.02 KB (0.00 bytes is purgeable)
GPU Caches:
  Other:
    Other: 0.00 bytes (1 entry)
  Image:
    Texture: 551.01 KB (15 entries)
  Scratch:
    Texture: 2.00 MB (1 entry)
    Buffer Object: 110.00 KB (3 entries)
Total GPU memory usage:
  2774024 bytes, 2.65 MB (583.01 KB is purgeable)

Profile data in ms:

	com.android.launcher3/com.android.launcher3.uioverrides.QuickstepLauncher/android.view.ViewRootImpl@e465799 (visibility=8)
Window: com.android.launcher3/com.android.launcher3.uioverrides.QuickstepLauncher
Stats since: 130029623054453ns
Total frames rendered: 4086
Janky frames: 0 (0.00%)
Janky frames (legacy): 1548 (37.89%)
50th percentile: 16ms
90th percentile: 32ms
95th percentile: 53ms
99th percentile: 117ms
Number Missed Vsync: 0
Number High input latency: 1952
Number Slow UI thread: 0
Number Slow bitmap uploads: 0
Number Slow issue draw commands: 0
Number Frame deadline missed: 0
Number Frame deadline missed (legacy): 418
HISTOGRAM: 5ms=759 6ms=312 7ms=266 8ms=199 9ms=128 10ms=92 11ms=71 12ms=57 13ms=47 14ms=45 15ms=53 16ms=147 17ms=463 18ms=300 19ms=182 20ms=111 21ms=73 22ms=56 23ms=67 24ms=39 25ms=38 26ms=36 27ms=25 28ms=27 29ms=27 30ms=18 31ms=13 32ms=33 34ms=31 36ms=26 38ms=18 40ms=20 42ms=25 44ms=20 46ms=21 48ms=32 53ms=24 57ms=20 61ms=17 65ms=14 69ms=16 73ms=16 77ms=14 81ms=6 85ms=1 89ms=13 93ms=5 97ms=7 101ms=1 105ms=5 109ms=4 113ms=4 117ms=2 121ms=4 125ms=0 129ms=0 133ms=0 150ms=21 200ms=8 250ms=4 300ms=2 350ms=0 400ms=0 450ms=0 500ms=1 550ms=0 600ms=0 650ms=0 700ms=0 750ms=0 800ms=0 850ms=0 900ms=0 950ms=0 1000ms=0 1050ms=0 1100ms=0 1150ms=0 1200ms=0 1250ms=0 1300ms=0 1350ms=0 1400ms=0 1450ms=0 1500ms=0 1550ms=0 1600ms=0 1650ms=0 1700ms=0 1750ms=0 1800ms=0 1850ms=0 1900ms=0 1950ms=0 2000ms=0 2050ms=0 2100ms=0 2150ms=0 2200ms=0 2250ms=0 2300ms=0 2350ms=0 2400ms=0 2450ms=0 2500ms=0 2550ms=0 2600ms=0 2650ms=0 2700ms=0 2750ms=0 2800ms=0 2850ms=0 2900ms=0 2950ms=0 3000ms=0 3050ms=0 3100ms=0 3150ms=0 3200ms=0 3250ms=0 3300ms=0 3350ms=0 3400ms=0 3450ms=0 3500ms=0 3550ms=0 3600ms=0 3650ms=0 3700ms=0 3750ms=0 3800ms=0 3850ms=0 3900ms=0 3950ms=0 4000ms=0 4050ms=0 4100ms=0 4150ms=0 4200ms=0 4250ms=0 4300ms=0 4350ms=0 4400ms=0 4450ms=0 4500ms=0 4550ms=0 4600ms=0 4650ms=0 4700ms=0 4750ms=0 4800ms=0 4850ms=0 4900ms=0 4950ms=0
50th gpu percentile: 4950ms
90th gpu percentile: 4950ms
95th gpu percentile: 4950ms
99th gpu percentile: 4950ms
GPU HISTOGRAM: 1ms=0 2ms=0 3ms=0 4ms=0 5ms=0 6ms=0 7ms=0 8ms=0 9ms=0 10ms=0 11ms=0 12ms=0 13ms=0 14ms=0 15ms=0 16ms=0 17ms=0 18ms=0 19ms=0 20ms=0 21ms=0 22ms=0 23ms=0 24ms=0 25ms=0 4950ms=0


---PROFILEDATA---
Flags,FrameTimelineVsyncId,IntendedVsync,Vsync,InputEventId,HandleInputStart,AnimationStart,PerformTraversalsStart,DrawStart,FrameDeadline,FrameInterval,FrameStartTime,SyncQueued,SyncStart,IssueDrawCommandsStart,SwapBuffers,FrameCompleted,DequeueBufferDuration,QueueBufferDuration,GpuCompleted,SwapBuffersCompleted,DisplayPresentTime,
0,3416801,457150351078872,457150351078872,0,457150351876577,457150351877744,457150354368660,457150354411952,457150367745538,457150351873869,16666666,457150354523577,457150355054577,457150355130410,457150360107035,457150370862577,7250792,176292,-1,457150370862577,407669389160506,
0,3416804,457150367745538,457150367745538,0,457150368133327,457150368134744,457150368365494,457150368395994,457150384412204,457150368130410,16666666,457150368485952,457150370881744,457150371045619,457150375133285,457150389917660,11076459,325625,-1,457150389917660,-1,
0,3416807,457150384412204,457150384412204,0,457150387220119,457150387221452,457150389541410,457150389589785,457150401078870,457150387217410,16666666,457150389639327,457150389938785,457150390019744,457150393684827,457150404760744,8444708,282125,-1,457150404760744,-1,
0,3416810,457150401078870,457150401078870,0,457150401729327,457150401730577,457150404252035,457150404301702,457150417745536,457150401726285,16666666,457150404361994,457150404803660,457150405005910,457150407845952,457150421114577,9061125,242875,-1,457150421114577,-1,
0,3417002,458604017687392,458604017687392,0,458604018468354,458604018474062,458604018474770,458604025477312,458604034354058,458604018464895,16666666,458604026137145,458604026458895,458604026840687,458604028317520,458604055251145,3916,778250,-1,458604055251145,-1,
0,3417016,458605051020684,458605051020684,0,458605052627271,458605052628979,458605052629354,458605052716521,458605067687350,458605052623437,16666666,458605052915771,458605053041937,458605053159479,458605054290396,458605062085854,2542,450791,-1,458605062085854,-1,
1,3422260,473842883744504,473842883744504,0,473842899802853,473842899803812,473842899804062,473842926831187,473842900411170,473842899800603,16666666,473842936551978,473842940610812,473842947499853,473842952493187,473842966529812,1875,1246167,-1,473842966529812,-1,
0,3422277,473843000411166,473843000411166,0,473843000796603,473843000797645,473843000797770,473843000843353,473843017077832,473843000794603,16666666,473843001110312,473843001161353,473843001210728,473843001499520,473843004880895,2125,461375,-1,473843004880895,-1,
0,3423431,482334066738190,482334066738190,0,482334067688190,482334067689690,482334067689898,482334067787440,482334083404856,482334067685107,16666666,482334067983232,482334069155232,482334069355315,482334070368148,482334079834148,6292,757917,-1,482334079834148,-1,
0,3423436,482334100071522,482334100071522,0,482334101297940,482334101299732,482334101300107,482334134374065,482334116738188,482334101294773,16666666,482334135464982,482334135501857,482334137678940,482334138185690,482334152289148,2250,524583,-1,482334152289148,-1,
1,3425595,491216016382912,491216033049578,0,491216035652627,491216035654419,491216035654835,491216058266960,491216033049578,491216035648794,16666666,491216062584544,491216064985335,491216075276377,491216082130294,491216087692460,2000,717750,-1,491216087692460,-1,
0,3425609,491216116382908,491216116382908,0,491216117106002,491216117107377,491216117107669,491216117182627,491216133049574,491216117103044,16666666,491216117379377,491216117741669,491216117817752,491216118223460,491216125176585,1959,495917,-1,491216125176585,-2,
0,3427447,503982249205596,503982249205596,0,503982249924024,503982249929066,503982249930441,503982350419857,503982265872262,503982249921316,16666666,503982363761607,503982368818982,503982379465441,503982385852274,503982426176857,8458,11260458,-1,503982426176857,-2,
0,3427469,503982515872252,503982515872252,0,503982517075607,503982517076982,503982517077316,503982517212982,503982532538918,503982517073066,16666666,503982518020732,503982518083149,503982518201149,503982521435482,503982561576274,4250,2897792,-1,503982561576274,-2,
1,3428153,503991832538546,503991832538546,0,503991834090112,503991834091653,503991834092028,503991856830403,503991849205212,503991834087362,16666666,503991859383903,503991860273820,503991860341403,503991866410278,503991879763195,1166,472625,-1,503991879763195,503991889003653,
0,3428165,503991899205210,503991899205210,0,503991900397403,503991900398653,503991900517945,503991901132987,503991915871876,503991900394737,16666666,503991901216028,503991901230903,503991901348487,503991905084528,503991912552737,2042,604083,-1,503991912552737,503991920050237,
0,3428168,503991915871876,503991915871876,0,503991916365945,503991916375070,503991916513737,503991916546903,503991932538542,503991916363695,16666666,503991916632653,503991916673862,503991916742445,503991919607862,503991924458570,1834,339834,-1,503991924458570,503991934008820,
0,3428171,503991932538542,503991932538542,0,503991933113154,503991933113904,503991933243070,503991933275945,503991949205208,503991933110320,16666666,503991933311529,503991933383070,503991933463612,503991933806654,503991941918945,2042,484584,-1,503991941918945,503991951814487,
0,3428174,503991949205208,503991949205208,0,503991950866862,503991950868112,503991951011029,503991951051487,503991965871874,503991950864154,16666666,503991951094737,503991951111404,503991951166404,503991951353987,503991955575070,1209,187959,-1,503991955575070,503991968751862,
0,3428176,503991965871874,503991965871874,0,503991967838404,503991967839404,503991968093945,503991968133362,503991982538540,503991967835987,16666666,503991968174029,503991968263487,503991968331070,503991968565737,503991973805904,1959,463125,-1,503991973805904,503991983870862,
0,3428178,503991982538540,503991982538540,0,503991982963904,503991982964570,503991983082654,503991983113070,503991999205206,503991982960987,16666666,503991983146904,503991983189195,503991983247070,503991983688529,503991990981820,3666,331667,-1,503991990981820,503992000920112,
0,3428180,503991999205206,503991999205206,0,503991999706404,503991999707820,503991999821987,503991999856237,503992015871872,503991999704112,16666666,503991999894112,503991999943695,503992000166320,503992000683445,503992007961570,1750,242666,-1,503992007961570,503992017152070,
0,3428182,503992015871872,503992015871872,0,503992016457195,503992016458070,503992016557112,503992016585487,503992032538538,503992016454112,16666666,503992016616487,503992016661612,503992016709404,503992017253695,503992021699862,1750,276584,-1,503992021699862,503992034611487,
0,3428184,503992032538538,503992032538538,0,503992033417612,503992033419070,503992033597737,503992033634404,503992049205204,503992033414987,16666666,503992033672070,503992033710279,503992033758904,503992034069695,503992039571612,4208,394375,-1,503992039571612,503992051503904,
0,3428186,503992049205204,503992049205204,0,503992049901695,503992049902987,503992050044112,503992050086862,503992065871870,503992049897654,16666666,503992050127154,503992050256570,503992050324070,503992050761237,503992056405487,3167,453583,-1,503992056405487,503992067997237,
0,3428188,503992065871870,503992065871870,0,503992067124612,503992067125445,503992067260612,503992067302445,503992082538536,503992067121487,16666666,503992067350320,503992067420404,503992067489029,503992068080237,503992072751987,1625,249542,-1,503992072751987,503992084711237,
0,3428190,503992082538536,503992082538536,0,503992083868612,503992083869945,503992084104529,503992084143612,503992099205202,503992083865820,16666666,503992084182154,503992084226570,503992084272529,503992084650029,503992092711070,2166,796375,-1,503992092711070,503992100872612,
0,3428192,503992099205202,503992099205202,0,503992100171445,503992100172779,503992100317112,503992100356154,503992115871868,503992100169070,16666666,503992100397820,503992100440695,503992100562779,503992100864570,503992107839612,3125,362333,-1,503992107839612,503992118867737,
0,3428194,503992115871868,503992115871868,0,503992118197820,503992118198779,503992118297112,503992118327237,503992132538534,503992118195737,16666666,503992118360570,503992118461820,503992118543945,503992118872112,503992125574195,1458,220542,-1,503992125574195,503992133664737,
0,3428196,503992132538534,503992132538534,0,503992132871237,503992132871904,503992133017112,503992133053654,503992149205200,503992132868654,16666666,503992133094779,503992133203445,503992133270695,503992133757070,503992141927279,1542,255041,-1,503992141927279,503992151583195,
0,3428198,503992149205200,503992149205200,0,503992150931070,503992150932362,503992151050862,503992151088779,503992165871866,503992150928237,16666666,503992151125987,503992151187820,503992151234904,503992151631862,503992159438445,3125,328291,-1,503992159438445,503992168300737,
0,3428200,503992165871866,503992165871866,0,503992167589112,503992167590237,503992167689987,503992167730529,503992182538532,503992167586904,16666666,503992167767779,503992167789112,503992167824029,503992168365695,503992175954237,1667,295500,-1,503992175954237,503992184108029,
0,3428202,503992182538532,503992182538532,0,503992183373945,503992183374904,503992183463737,503992183497279,503992199205198,503992183371862,16666666,503992183527654,503992183574529,503992183608029,503992184177154,503992190012820,2125,312292,-1,503992190012820,-2,
0,3428204,503992199205198,503992199205198,0,503992199607279,503992199608404,503992199732445,503992199764820,503992215871864,503992199604695,16666666,503992199793320,503992199836070,503992199874445,503992200118820,503992206239987,1500,339333,-1,503992206239987,-2,
0,3428206,503992215871864,503992215871864,0,503992218070320,503992218071445,503992218185279,503992218226070,503992232538530,503992218067570,16666666,503992218261279,503992218320945,503992218375820,503992218599320,503992224840070,1042,398000,-1,503992224840070,457141705939948,
0,3428208,503992232538530,503992232538530,0,503992233081820,503992233082570,503992233263112,503992233290904,503992249205196,503992233079654,16666666,503992233317404,503992233548987,503992233572445,503992233755404,503992240159529,1667,420292,-1,503992240159529,457141735142531,
0,3430044,517644798659094,517644798659094,-417115714,517644801765869,517644801767119,517644801767410,517644802467202,517644815325760,517644801763452,16666666,517644802920452,517644803496952,517644804135952,517644811299285,517644851591494,2500,591250,-1,517644851591494,457141705939948,
0,3430053,517645115325748,517645131992414,0,517645145532994,517645145534910,517645145535327,517645193165410,517645131992414,517645145529827,16666666,517645193452577,517645193487869,517645193550535,517645194081327,517645228773119,12542,11002041,-1,517645228773119,457141735142531,
1,3432215,519478448585748,519478448585748,0,519478453712993,519478453723201,519478453723410,519478476846160,519478465252414,519478453710368,16666666,519478482719368,519478483117410,519478497098368,519478505399285,519478518099285,1750,434583,-1,519478518099285,519607603108929,
0,3432229,519478548585744,519478548585744,0,519478549344076,519478549345285,519478549345576,519478549404576,519478565252410,519478549341785,16666666,519478549511368,519478549820368,519478550104118,519478550374326,519478560563326,6083,1198208,-1,519478560563326,519607668236638,
0,3432293,519485581929895,519485581929895,0,519485584277913,519485584279663,519485584280038,519485584376455,519485598596561,519485584275746,16666666,519485584491496,519485588961621,519485589341330,519485593266538,519485642050663,5750,2712500,-1,519485642050663,519607684724805,
1,3432969,519607531913918,519607531913918,0,519607532643513,519607532645804,519607532646513,519607564986513,519607548580584,519607532639888,16666666,519607566764596,519607569649138,519607578330388,519607580966513,457141801330865,3042,1908958,-1,519607594497263,519607603108929,
0,3432987,519607631913914,519607631913914,0,519607638060263,519607638062680,519607638367763,519607640348388,519607648580580,519607638053638,16666666,519607640569721,519607641114846,519607641228888,519607645891346,457141855228156,5125,1324083,-1,519607651709680,519607668236638,
0,3432990,519607648580580,519607648580580,0,519607656136680,519607656173513,519607656497930,519607656586138,519607665247246,519607656134346,16666666,519607656820221,519607658345180,519607658436888,519607660551930,457141879418448,9600916,528000,-1,519607672380888,519607684724805,
0,3432993,519607665247246,519607665247246,0,519607665969221,519607665970055,519607666101471,519607666141680,519607681913912,519607665966638,16666666,519607666208013,519607672414221,519607672487721,519607673160930,519607684954930,8142917,290667,-1,519607684954930,519607701015346,
0,3432996,519607681913912,519607681913912,0,519607683739555,519607683741055,519607683891388,519607683994680,519607698580578,519607683735221,16666666,519607684439513,519607684972596,519607685021221,519607685815555,519607701408513,9787500,408333,-1,519607701408513,519607717683763,
0,3432999,519607698580578,519607698580578,0,519607700690930,519607700692471,519607700829138,519607700890471,519607715247244,519607700688263,16666666,519607700935471,519607701424805,519607701480805,519607701846888,519607717786805,9316625,322583,-1,519607717786805,519607734484346,
0,3433001,519607715247244,519607715247244,0,519607716689596,519607716690430,519607716973096,519607717098846,519607731913910,519607716686430,16666666,519607717221221,519607717809888,519607717894805,519607722702596,519607734646346,8560542,135583,-1,519607734646346,519607751395680,
0,3433003,519607731913910,519607731913910,0,519607733359805,519607733361721,519607733595763,519607733641846,519607748580576,519607733355680,16666666,519607733689263,519607734688305,519607734743513,519607736544180,519607751679763,7251916,830292,-1,519607751679763,519607767897763,
0,3433005,519607748580576,519607748580576,0,519607749709513,519607749720221,519607750052096,519607750096680,519607765247242,519607749687971,16666666,519607750144638,519607751716846,519607751795596,519607763058096,519607768340138,159292,2294417,-1,519607768340138,519607784272846,
0,3433007,519607765247242,519607765247242,0,519607766287513,519607766289596,519607766630638,519607766696638,519607781913908,519607766282763,16666666,519607766792055,519607768354596,519607768434846,519607780429805,519607784532930,875,138708,-1,519607784532930,519607800190513,
0,3433009,519607781913908,519607781913908,0,519607782212638,519607782213888,519607782424180,519607782517680,519607798580574,519607782207471,16666666,519607782590471,519607784548930,519607784599096,519607785653388,519607800377055,6254833,243459,-1,519607800377055,519607816507471,
0,3433011,519607798580574,519607798580574,0,519607798928471,519607798930138,519607799230971,519607799291096,519607815247240,519607798886180,16666666,519607799367430,519607800388430,519607800444638,519607804718346,519607816679013,7687250,278042,-1,519607816679013,519607833335680,
0,3433013,519607815247240,519607815247240,0,519607815581638,519607815583430,519607815767221,519607815824555,519607831913906,519607815573763,16666666,519607815866721,519607816704221,519607816770638,519607822712971,519607833460596,7893417,266833,-1,519607833460596,519607850408805,
0,3433015,519607831913906,519607831913906,0,519607832501513,519607832502680,519607832644263,519607832682555,519607848580572,519607832498888,16666666,519607832722930,519607833475346,519607833556430,519607835215013,519607850540055,8704000,330584,-1,519607850540055,519607866810888,
0,3433017,519607848580572,519607848580572,0,519607849586596,519607849587763,519607849714180,519607849752013,519607865247238,519607849584138,16666666,519607849798138,519607850696388,519607850743805,519607852266346,519607866895513,8162500,268916,-1,519607866895513,519607883202138,
0,3433019,519607865247238,519607865247238,0,519607866117930,519607866119263,519607866242471,519607866277346,519607881913904,519607866115096,16666666,519607866316430,519607866908555,519607866939596,519607872084471,519607883402846,8230500,290667,-1,519607883402846,519607900726513,
0,3433021,519607881913904,519607881913904,0,519607882290596,519607882292388,519607882558305,519607882603930,519607898580570,519607882285138,16666666,519607882644638,519607883416596,519607883464930,519607884090138,519607900983805,9248875,247834,-1,519607900983805,519607916951471,
0,3433023,519607898580570,519607898580570,0,519607899521721,519607899522763,519607899630930,519607899670930,519607915247236,519607899518721,16666666,519607899702971,519607901005888,519607901050346,519607904558430,519607917055055,6902375,262750,-1,519607917055055,519607933891096,
0,3433025,519607915247236,519607915247236,0,519607915923221,519607915924971,519607916167555,519607916216055,519607931913902,519607915919263,16666666,519607916255305,519607917067721,519607917145513,519607922554263,519607934021346,7743000,168625,-1,519607934021346,519607950351971,
0,3433027,519607931913902,519607931913902,0,519607933333930,519607933334846,519607933424471,519607933459721,519607948580568,519607933331305,16666666,519607933493846,519607934040721,519607934093388,519607937653638,519607950473263,7177417,383333,-1,519607950473263,519607967282721,
0,3433029,519607948580568,519607948580568,0,519607949670888,519607949671763,519607949757971,519607949793013,519607965247234,519607949668721,16666666,519607949820055,519607950485846,519607950529846,519607952801180,519607967329888,9775167,332333,-1,519607967329888,519607985510221,
0,3433031,519607965247234,519607965247234,0,519607966561596,519607966562721,519607966668888,519607966708596,519607981913900,519607966558721,16666666,519607966743846,519607967343596,519607967409055,519607974850513,519607985677055,9298458,252375,-1,519607985677055,457146369290284,
0,3433033,519607981913900,519607981913900,0,519607983861430,519607983863096,519607984734138,519607984824346,519607998580566,519607983857805,16666666,519607984905430,519607985694930,519607985731471,519607997407096,519608003963805,2083,470666,-1,519608003963805,457146387096450,
0,3433140,519609915247156,519609915247156,-809457508,519609915565806,519609915567306,519609915567556,519609915653889,519609931913822,519609915561972,16666666,519609915940597,519609916030681,519609916118847,519609916632306,519609926196722,2041,201292,-1,519609926196722,457146402250784,
0,3433142,519609931913822,519609931913822,0,519609932351764,519609932353014,519609932841514,519609932930889,519609948580488,519609932349389,16666666,519609932998931,519609933251181,519609933505847,519609935841306,519609944474806,1708,456000,-1,519609944474806,457146419375492,
0,3433144,519609948580488,519609948580488,0,519609948824889,519609948825806,519609949695181,519609953800556,519609965247154,519609948822472,16666666,519609956232014,519609956279347,519609957521264,519609961233472,519609969005514,4041,236875,-1,519609969005514,457146436405700,
0,3433147,519609965247154,519609965247154,0,519609965834306,519609965835514,519609966421181,519609966522764,519609981913820,519609965831764,16666666,519609966720847,519609969024972,519609969711889,519609974206514,519609984587764,5333750,131833,-1,519609984587764,457146453465034,
0,3433150,519609981913820,519609981913820,0,519609982569722,519609982573889,519609983375097,519609983459972,519609998580486,519609982561889,16666666,519609983907181,519609984604222,519609984720222,519609989765931,519610002023181,8464208,175541,-1,519610002023181,457146471108534,
0,3433153,519609998580486,519609998580486,0,519610000363056,519610000364514,519610001110472,519610001187056,519610015247152,519610000360014,16666666,519610001270431,519610002050264,519610002255931,519610013896847,519610018483472,958,149250,-1,519610018483472,457146486081284,
0,3433156,519610015247152,519610015247152,0,519610016546972,519610016549389,519610017286639,519610017403389,519610031913818,519610016542514,16666666,519610017525931,519610018500472,519610018603722,519610022360681,519610034659722,7441333,409542,-1,519610034659722,457146501996075,
0,3433159,519610031913818,519610031913818,0,519610033559181,519610033560972,519610034485306,519610038218972,519610048580484,519610033556181,16666666,519610038662472,519610038884014,519610039051097,519610039684847,519610051123264,6861375,172959,-1,519610051123264,457146518815492,
0,3433162,519610048580484,519610048580484,0,519610050916389,519610050917514,519610051381389,519610051419264,519610065247150,519610050913222,16666666,519610051456597,519610051497056,519610051573514,519610055788472,519610067572597,7912250,435042,-1,519610067572597,457146535500117,
0,3433165,519610065247150,519610065247150,0,519610066668431,519610066669097,519610066886056,519610066925722,519610081913816,519610066665806,16666666,519610066958847,519610067584431,519610067642472,519610072479931,519610084196681,7372292,350416,-1,519610084196681,457146552565659,
0,3433168,519610081913816,519610081913816,0,519610082980014,519610082982389,519610083246264,519610083282681,519610098580482,519610082973722,16666666,519610083314181,519610084218972,519610084280931,519610085536764,519610100141222,11476792,167208,-1,519610100141222,457146569494450,
0,3433171,519610098580482,519610098580482,0,519610099242597,519610099243597,519610099445847,519610099479431,519610115247148,519610099240222,16666666,519610099508889,519610100155681,519610100229722,519610101790931,519610116631931,11573875,573500,-1,519610116631931,457146586913617,
0,3433173,519610115247148,519610115247148,0,519610115743639,519610115744806,519610115946597,519610115979306,519610131913814,519610115740639,16666666,519610116084556,519610116652014,519610116733306,519610117327597,519610133413306,8884625,277041,-1,519610133413306,-1,
0,3433175,519610131913814,519610131913814,0,519610132501389,519610132502472,519610132724806,519610132761931,519610148580480,519610132498597,16666666,519610132791431,519610133427972,519610133476722,519610138586972,519610149872097,8376041,291792,-1,519610149872097,519610166896514,
0,3433177,519610148580480,519610148580480,0,519610148979722,519610148981556,519610149305556,519610149343306,519610165247146,519610148975014,16666666,519610149370014,519610149886264,519610149932597,519610152949514,519610166970472,8641542,274625,-1,519610166970472,519610183647889,
0,3433179,519610165247146,519610165247146,0,519610166187097,519610166187972,519610166409764,519610166446222,519610181913812,519610166183639,16666666,519610166494681,519610166994472,519610167062306,519610175062931,519610183752556,7486166,194916,-1,519610183752556,519610200635681,
0,3433181,519610181913812,519610181913812,0,519610182718806,519610182722014,519610183315847,519610183384931,519610198580478,519610182692889,16666666,519610183883514,519610183947347,519610184125806,519610186312514,519610200791514,8977917,129000,-1,519610200791514,519610217541972,
0,3433209,519611231913770,519611231913770,826192156,519611232658265,519611235805056,519611235805556,519611235848015,519611248580436,519611232655931,16666666,519611235854056,519611235905390,519611235949806,519611236400140,519611240879556,1333,156750,-1,519611240879556,519611249968640,
0,3433211,519611248580436,519611248580436,900932727,519611248930473,519611249188723,519611249189098,519611249225223,519611265247102,519611248927848,16666666,519611249231098,519611249275931,519611249321765,519611249856306,519611255941556,1458,366167,-1,519611255941556,519611266839181,
0,3433213,519611265247102,519611265247102,531455136,519611265668056,519611265981806,519611265982265,519611266026848,519611281913768,519611265663640,16666666,519611266034765,519611266091931,519611266161515,519611266610181,519611270446515,3209,735083,-1,519611270446515,519611283500681,
0,3433215,519611281913768,519611281913768,503954418,519611282527223,519611282689848,519611282689973,519611282727056,519611298580434,519611282524598,16666666,519611282733681,519611282786556,519611282832931,519611283366931,519611291878015,2083,294792,-1,519611291878015,519611300629556,
0,3433217,519611298580434,519611298580434,334812051,519611298916806,519611299193848,519611299194223,519611299255765,519611315247100,519611298913140,16666666,519611299266223,519611299386890,519611299675723,519611300258640,519611307789556,1625,180875,-1,519611307789556,519611321172265,
0,3433219,519611315247100,519611315247100,326711832,519611315834140,519611316171348,519611316172015,519611316232765,519611331913766,519611315829515,16666666,519611316242431,519611316317806,519611316406640,519611322162890,519611326339598,1625,197667,-1,519611326339598,519611333912515,
0,3433221,519611331913766,519611331913766,450999221,519611332531890,519611333038265,519611333039598,519611333105765,519611348580432,519611332527181,16666666,519611333114390,519611333224931,519611333302848,519611333825973,519611342305348,1458,266000,-1,519611342305348,519611351051473,
0,3433223,519611348580432,519611348580432,677183925,519611350230015,519611350485848,519611350486181,519611350556223,519611365247098,519611350227056,16666666,519611350562973,519611350744348,519611350817598,519611351314348,519611359748681,1459,241916,-1,519611359748681,519611367929098,
0,3433225,519611365247098,519611365247098,436535925,519611366806806,519611366817473,519611366885931,519611366960181,519611381913764,519611366803681,16666666,519611366969473,519611367084265,519611367166848,519611367251515,519611368168515,1334,210084,-1,519611368168515,519611383447973,
0,3433244,519611665247086,519611665247086,0,519611666092015,519611666093181,519611666939140,519611666975473,519611681913752,519611666089015,16666666,519611667125931,519611667162848,519611667208848,519611667253140,519611668344348,1541,199209,-1,519611668344348,519611683795473,
0,3433246,519611681913752,519611681913752,0,519611682798431,519611682799681,519611682912931,519611682959265,519611698580418,519611682795973,16666666,519611683083806,519611683127598,519611683166306,519611683365681,519611690669931,2750,371958,-1,519611690669931,519611700446973,
0,3433248,519611698580418,519611698580418,0,519611699409515,519611699411640,519611699846140,519611699879140,519611715247084,519611699405265,16666666,519611699957223,519611699980890,519611700257181,519611701180515,519611708944515,1708,215125,-1,519611708944515,-1,
0,3433251,519611715247084,519611715247084,0,519611716706181,519611716708473,519611717129181,519611733171181,519611731913750,519611716700556,16666666,519611733298181,519611733385098,519611733439140,519611733661890,519611741311265,6520459,163667,-1,519611741311265,-1,
0,3433254,519611731913750,519611731913750,0,519611733534098,519611733534348,519611733850015,519611733865390,519611748580416,519611733533223,16666666,519611733882806,519611741328723,519611741365515,519611746058598,519611759578265,5841250,572084,-1,519611759578265,-1,
0,3433256,519611748580416,519611748580416,0,519611752993973,519611752995806,519611753506015,519611753547306,519611765247082,519611752978973,16666666,519611753587473,519611759591640,519611759641640,519611769644015,519611777380306,229250,1213583,-1,519611777380306,-1,
0,3433259,519611765247082,519611765247082,0,519611767140431,519611767141806,519611767361265,519611767402056,519611781913748,519611767137931,16666666,519611767449806,519611777397098,519611777442765,519611785330556,519611789733681,1378708,1086625,-1,519611789733681,-1,
0,3433262,519611781913748,519611781913748,0,519611782496098,519611782498515,519611782958931,519611783010598,519611798580414,519611782490223,16666666,519611783073515,519611789758390,519611789924640,519611803872681,519611811678223,483458,1183041,-1,519611811678223,-1,
0,3433265,519611798580414,519611798580414,0,519611799662015,519611799663890,519611800457765,519611800498306,519611815247080,519611799658098,16666666,519611800549223,519611811710723,519611812648306,519611814648265,519611830037432,533209,219667,-1,519611830037432,-1,
0,3433268,519611815247080,519611815247080,0,519611815812931,519611815827973,519611816737306,519611816793515,519611831913746,519611815808765,16666666,519611816874973,519611830053723,519611830132640,519611831970390,519611843847640,467917,389000,-1,519611843847640,-1,
0,3433271,519611831913746,519611831913746,0,519611832994932,519611832997140,519611833512015,519611833569348,519611848580412,519611832989223,16666666,519611833636057,519611843911932,519611845128015,519611846226682,519611860317390,7549042,2589667,-1,519611860317390,-1,
0,3433274,519611848580412,519611848580412,0,519611849634515,519611849637307,519611850253098,519611851649182,519611865247078,519611849628057,16666666,519611851714348,519611860339557,519611860472973,519611861778015,519611877514098,13949583,284959,-1,519611877514098,-1,
0,3433277,519611865247078,519611865247078,0,519611866398723,519611866399973,519611866602848,519611866632890,519611881913744,519611866396223,16666666,519611866675182,519611877531932,519611877565223,519611883282932,519611887183557,2116667,217792,-1,519611887183557,-1,
0,3433280,519611881913744,519611881913744,0,519611882488265,519611882489765,519611882822640,519611882903682,519611898580410,519611882484098,16666666,519611882970557,519611887343390,519611887471223,519611892886807,519611902055598,4432166,299584,-1,519611902055598,0,
0,3433283,519611898580410,519611898580410,0,519611899114432,519611899115265,519611899438473,519611899477848,519611915247076,519611899112015,16666666,519611899550807,519611902074015,519611902151932,519611904675390,519611918530973,9961458,200917,-1,519611918530973,303233849648131,
0,3433286,519611915247076,519611915247076,0,519611916148432,519611916149473,519611916361973,519611916392765,519611931913742,519611916145682,16666666,519611916429598,519611918852640,519611918903182,519611921926057,519611935046682,7418500,259458,-1,519611935046682,303233892767631,
0,3433289,519611931913742,519611931913742,0,519611933060057,519611933061390,519611933578432,519611933618890,519611948580408,519611933057265,16666666,519611933669348,519611935062807,519611935251223,519611944277432,519611955944807,10539375,198916,-1,519611955944807,303233909858798,
0,3433347,519848481904280,519848498570946,0,519848507609794,519848507640628,519848507641086,519848509954086,519848498570946,519848507589378,16666666,519848511266336,519848514315461,519848517744378,519848527448961,519848545500044,38834,1368833,-1,519848545500044,303233927119881,
1,3434558,527961364913098,527961364913098,0,527961367467038,527961367468121,527961367468246,527961407790288,527961381579764,527961367464830,16666666,527961410119121,527961413182288,527961418861496,527961428285580,527961437581205,1875,463541,-1,527961437581205,365434627150202,
0,3434573,527961464913094,527961464913094,0,527961465487580,527961465488413,527961465488621,527961465554955,527961481579760,527961465485580,16666666,527961465658038,527961465702080,527961465801746,527961466030746,527961470188246,1667,418834,-1,527961470188246,365434627150202,
0,3434638,527964481579640,527964531579638,0,527964542152206,527964542153373,527964542153706,527964542216831,527964498246306,527964542150248,16666666,527964542415831,527964544247123,527964544352123,527964545765289,527964562729623,10417,11413750,-1,527964562729623,365434627150202,
1,3436330,528840864877918,528840864877918,0,528840880386374,528840880387666,528840880387957,528840892860166,528840881544584,528840880383124,16666666,528840894429749,528840894814041,528840897079957,528840908173041,528840937025707,3042,1755292,-1,528840937025707,365434627150202,
0,3436344,528840964877914,528840964877914,0,528840966044832,528840966046541,528840966046791,528840966393874,528840981544580,528840966041166,16666666,528840967635041,528840968537124,528840968587624,528840969092707,528840975101832,3125,1146667,-1,528840975101832,-2,
0,3436410,528846781544348,528846814877680,0,528846818064127,528846818069752,528846818070085,528846818346835,528846798211014,528846818053252,16666666,528846818949502,528846819333460,528846824940752,528846827502543,528846861600002,20333,444417,-1,528846861600002,-2,
1,3437284,530440614819476,530440631486142,0,530440643732428,530440643733970,530440643734262,530440690853637,530440631486142,530440643730387,16666666,530440710368012,530440710965845,530440731814178,530440759600637,530440782177678,4167,6341000,-1,530440782177678,-2,
0,3437304,530440848147252,530440898147250,0,530440905795595,530440905796679,530440905796970,530440905850595,530440864813918,530440905793470,16666666,530440905943179,530440937442304,530440937548637,530440939644137,530440956821012,3875,2108958,-1,530440956821012,375572971661619,
0,3437350,530441514813892,530441548147224,0,530441561503304,530441561505471,530441561505804,530441561590054,530441531480558,530441561500471,16666666,530441564947387,530441565005471,530441565052637,530441589159471,530441622008012,9458,24681416,-1,530441622008012,407669307914464,
1,3437724,530956181459972,530956231459970,0,530956234015466,530956234027633,530956234028008,530956313168549,530956198126638,530956233984508,16666666,530956319848133,530956322948258,530956331182591,530956335240716,457150321289827,3500,13760458,-1,530956374322799,407669335821048,
0,3437751,530956448126628,530956481459960,0,530956486645258,530956486646633,530956486646924,530956486722091,530956464793294,530956486642424,16666666,530956486849966,530956493173549,530956493223924,530956494369216,457150339329410,4375,9323916,-1,530956506449591,407669354481006,
0,3437790,530956731459950,530956731459950,0,530956747865800,530956747866966,530956747867216,530956757274550,530956748126616,530956747863216,16666666,530956757437258,530956757533383,530956757859758,530956765530133,457150355026535,3833,5068875,-1,530956774537633,407669378967964,
---PROFILEDATA---


View hierarchy:

  com.android.launcher3/com.android.launcher3.uioverrides.QuickstepLauncher/android.view.ViewRootImpl@e465799
  78 views, 106.71 kB of render nodes


Total ViewRootImpl   : 1
Total attached Views : 78
Total RenderNode     : 106.71 kB (used) / 106.71 kB (capacity)


** Graphics info for pid 1260 [com.android.inputmethod.latin] **

Stats since: 540692969666091ns
Total frames rendered: 0
Janky frames: 0 (0.00%)
Janky frames (legacy): 0 (0.00%)
50th percentile: 4950ms
90th percentile: 4950ms
95th percentile: 4950ms
99th percentile: 4950ms
Number Missed Vsync: 0
Number High input latency: 0
Number Slow UI thread: 0
Number Slow bitmap uploads: 0
Number Slow issue draw commands: 0
Number Frame deadline missed: 0
Number Frame deadline missed (legacy): 0
HISTOGRAM: 5ms=0 6ms=0 7ms=0 8ms=0 9ms=0 10ms=0 11ms=0 12ms=0 13ms=0 14ms=0 15ms=0 16ms=0 17ms=0 18ms=0 19ms=0 20ms=0 21ms=0 22ms=0 23ms=0 24ms=0 25ms=0 26ms=0 27ms=0 28ms=0 29ms=0 30ms=0 31ms=0 32ms=0 34ms=0 36ms=0 38ms=0 40ms=0 42ms=0 44ms=0 46ms=0 48ms=0 53ms=0 57ms=0 61ms=0 65ms=0 69ms=0 73ms=0 77ms=0 81ms=0 85ms=0 89ms=0 93ms=0 97ms=0 101ms=0 105ms=0 109ms=0 113ms=0 117ms=0 121ms=0 125ms=0 129ms=0 133ms=0 150ms=0 200ms=0 250ms=0 300ms=0 350ms=0 400ms=0 450ms=0 500ms=0 550ms=0 600ms=0 650ms=0 700ms=0 750ms=0 800ms=0 850ms=0 900ms=0 950ms=0 1000ms=0 1050ms=0 1100ms=0 1150ms=0 1200ms=0 1250ms=0 1300ms=0 1350ms=0 1400ms=0 1450ms=0 1500ms=0 1550ms=0 1600ms=0 1650ms=0 1700ms=0 1750ms=0 1800ms=0 1850ms=0 1900ms=0 1950ms=0 2000ms=0 2050ms=0 2100ms=0 2150ms=0 2200ms=0 2250ms=0 2300ms=0 2350ms=0 2400ms=0 2450ms=0 2500ms=0 2550ms=0 2600ms=0 2650ms=0 2700ms=0 2750ms=0 2800ms=0 2850ms=0 2900ms=0 2950ms=0 3000ms=0 3050ms=0 3100ms=0 3150ms=0 3200ms=0 3250ms=0 3300ms=0 3350ms=0 3400ms=0 3450ms=0 3500ms=0 3550ms=0 3600ms=0 3650ms=0 3700ms=0 3750ms=0 3800ms=0 3850ms=0 3900ms=0 3950ms=0 4000ms=0 4050ms=0 4100ms=0 4150ms=0 4200ms=0 4250ms=0 4300ms=0 4350ms=0 4400ms=0 4450ms=0 4500ms=0 4550ms=0 4600ms=0 4650ms=0 4700ms=0 4750ms=0 4800ms=0 4850ms=0 4900ms=0 4950ms=0
50th gpu percentile: 4950ms
90th gpu percentile: 4950ms
95th gpu percentile: 4950ms
99th gpu percentile: 4950ms
GPU HISTOGRAM: 1ms=0 2ms=0 3ms=0 4ms=0 5ms=0 6ms=0 7ms=0 8ms=0 9ms=0 10ms=0 11ms=0 12ms=0 13ms=0 14ms=0 15ms=0 16ms=0 17ms=0 18ms=0 19ms=0 20ms=0 21ms=0 22ms=0 23ms=0 24ms=0 25ms=0 4950ms=0
Pipeline=Skia (OpenGL)
CPU Caches:
  Glyph Cache: 150.25 KB (1 entry)
  Glyph Count: 26 
Total CPU memory usage:
  153861 bytes, 150.25 KB (0.00 bytes is purgeable)
GPU Caches:
  Other:
    Other: 0.00 bytes (1 entry)
  Image:
    Texture: 161.58 KB (10 entries)
  Scratch:
    RenderTarget: 20.45 MB (3 entries)
    Texture: 4.00 MB (2 entries)
    Buffer Object: 112.00 KB (3 entries)
Total GPU memory usage:
  25921232 bytes, 24.72 MB (20.67 MB is purgeable)

Profile data in ms:

	InputMethod/android.view.ViewRootImpl@8a7a5ee (visibility=8)
Window: InputMethod
Stats since: 7304462168ns
Total frames rendered: 75
Janky frames: 0 (0.00%)
Janky frames (legacy): 22 (29.33%)
50th percentile: 8ms
90th percentile: 101ms
95th percentile: 150ms
99th percentile: 300ms
Number Missed Vsync: 0
Number High input latency: 4
Number Slow UI thread: 0
Number Slow bitmap uploads: 0
Number Slow issue draw commands: 0
Number Frame deadline missed: 0
Number Frame deadline missed (legacy): 19
HISTOGRAM: 5ms=33 6ms=1 7ms=3 8ms=5 9ms=2 10ms=1 11ms=5 12ms=2 13ms=0 14ms=0 15ms=0 16ms=1 17ms=0 18ms=0 19ms=1 20ms=1 21ms=1 22ms=1 23ms=0 24ms=2 25ms=0 26ms=0 27ms=0 28ms=0 29ms=0 30ms=0 31ms=0 32ms=0 34ms=0 36ms=1 38ms=0 40ms=0 42ms=2 44ms=0 46ms=0 48ms=1 53ms=1 57ms=0 61ms=0 65ms=0 69ms=1 73ms=0 77ms=0 81ms=2 85ms=0 89ms=0 93ms=0 97ms=0 101ms=1 105ms=0 109ms=0 113ms=1 117ms=0 121ms=0 125ms=1 129ms=0 133ms=0 150ms=4 200ms=0 250ms=0 300ms=1 350ms=0 400ms=0 450ms=0 500ms=0 550ms=0 600ms=0 650ms=0 700ms=0 750ms=0 800ms=0 850ms=0 900ms=0 950ms=0 1000ms=0 1050ms=0 1100ms=0 1150ms=0 1200ms=0 1250ms=0 1300ms=0 1350ms=0 1400ms=0 1450ms=0 1500ms=0 1550ms=0 1600ms=0 1650ms=0 1700ms=0 1750ms=0 1800ms=0 1850ms=0 1900ms=0 1950ms=0 2000ms=0 2050ms=0 2100ms=0 2150ms=0 2200ms=0 2250ms=0 2300ms=0 2350ms=0 2400ms=0 2450ms=0 2500ms=0 2550ms=0 2600ms=0 2650ms=0 2700ms=0 2750ms=0 2800ms=0 2850ms=0 2900ms=0 2950ms=0 3000ms=0 3050ms=0 3100ms=0 3150ms=0 3200ms=0 3250ms=0 3300ms=0 3350ms=0 3400ms=0 3450ms=0 3500ms=0 3550ms=0 3600ms=0 3650ms=0 3700ms=0 3750ms=0 3800ms=0 3850ms=0 3900ms=0 3950ms=0 4000ms=0 4050ms=0 4100ms=0 4150ms=0 4200ms=0 4250ms=0 4300ms=0 4350ms=0 4400ms=0 4450ms=0 4500ms=0 4550ms=0 4600ms=0 4650ms=0 4700ms=0 4750ms=0 4800ms=0 4850ms=0 4900ms=0 4950ms=0
50th gpu percentile: 4950ms
90th gpu percentile: 4950ms
95th gpu percentile: 4950ms
99th gpu percentile: 4950ms
GPU HISTOGRAM: 1ms=0 2ms=0 3ms=0 4ms=0 5ms=0 6ms=0 7ms=0 8ms=0 9ms=0 10ms=0 11ms=0 12ms=0 13ms=0 14ms=0 15ms=0 16ms=0 17ms=0 18ms=0 19ms=0 20ms=0 21ms=0 22ms=0 23ms=0 24ms=0 25ms=0 4950ms=0


---PROFILEDATA---
Flags,FrameTimelineVsyncId,IntendedVsync,Vsync,InputEventId,HandleInputStart,AnimationStart,PerformTraversalsStart,DrawStart,FrameDeadline,FrameInterval,FrameStartTime,SyncQueued,SyncStart,IssueDrawCommandsStart,SwapBuffers,FrameCompleted,DequeueBufferDuration,QueueBufferDuration,GpuCompleted,SwapBuffersCompleted,DisplayPresentTime,
1,4408,187969357368,188186024026,0,188197318088,188197318463,188197318546,188244895421,187986024034,188197316254,16666666,188249380421,188249498838,188249854963,188273464421,188283437046,3167,663708,-1,188283437046,64,
0,4417,188219357358,188269357356,0,188284986129,188284986379,188284996463,188285359963,188236024024,188284985338,16666666,188285509171,188285573338,188285654754,188287006171,188290772338,11625,853667,-1,188290772338,64,
0,4431,188302690688,188302690688,0,188303531921,188303532463,188303532546,188303629296,188319357354,188303529588,16666666,188303765379,188303949254,188303985504,188305340213,188308769879,2667,475333,-1,188308769879,64,
0,4487,189819357294,189819357294,49246696,189819657547,189819657922,189819658047,189819707255,189836023960,189819656255,16666666,189819879005,189819932838,189819963047,189823485547,189827813380,4333,419917,-1,189827813380,64,
0,4490,189919357290,189919357290,877285203,189922353630,189922354630,189922354922,189922887172,189936023956,189922349088,16666666,189923404088,189923769463,189923818172,189926274797,189929690172,4708,634708,-1,189929690172,64,
0,4493,190019357286,190019357286,0,190019806880,190019807547,190019807672,190019898880,190036023952,190019804422,16666666,190019994713,190020109547,190020152755,190020642463,190023234297,3084,458417,-1,190023234297,64,
0,4499,190569357264,190569357264,896339648,190570869422,190570870047,190570870255,190570940214,190586023930,190570867130,16666666,190571176089,190571252964,190571292380,190572070922,190577950589,1625,238125,-1,190577950589,64,
0,4502,190652690594,190652690594,813386210,190652940339,190652940589,190652940714,190652992797,190669357260,190652938880,16666666,190653154380,190653329214,190653348880,190654466464,190657360547,2250,622500,-1,190657360547,64,
0,4505,190769357256,190769357256,0,190772337297,190772338005,190772338130,190772405172,190786023922,190772334505,16666666,190772472505,190772536797,190772564672,190772827797,190774565672,3000,385000,-1,190774565672,64,
0,4511,191236023904,191236023904,652664005,191236246672,191236247047,191236247172,191236285672,191252690570,191236245256,16666666,191236446422,191236493006,191236541256,191237365631,191238888422,2333,229042,-1,191238888422,64,
0,4514,191369357232,191369357232,572777047,191370445214,191370445964,191370446131,191370548089,191386023898,191370441672,16666666,191370846297,191370904672,191370977464,191372157256,191374840631,2417,544042,-1,191374840631,64,
0,4517,191469357228,191469357228,0,191469759631,191469760631,191469760797,191469871256,191486023894,191469755464,16666666,191469967422,191470053839,191470090089,191470896047,191472723214,1292,249833,-1,191472723214,64,
0,4523,192002690540,192002690540,821497776,192003498131,192003498839,192003499006,192003568589,192019357206,192003495256,16666666,192003762298,192003823923,192003859048,192004483673,192006227339,1500,226041,-1,192006227339,64,
0,4526,192069357204,192069357204,580118009,192069768339,192069768589,192069768673,192069804548,192086023870,192069767048,16666666,192069927381,192069993673,192070024048,192070690548,192072849464,1917,218625,-1,192072849464,64,
0,4529,192186023866,192186023866,0,192188828548,192188829214,192188829339,192188896131,192202690532,192188826839,16666666,192188949214,192189007548,192189035256,192189386423,192190862298,1542,298375,-1,192190862298,64,
0,4532,192469357188,192469357188,916857436,192470132631,192470133673,192470133840,192470251715,192486023854,192470128423,16666666,192470572756,192470667798,192470719673,192471659756,192474580256,7875,632458,-1,192474580256,64,
0,4537,192586023850,192586023850,954350470,192586697173,192586697840,192586698090,192586991590,192602690516,192586695215,16666666,192587198548,192587988798,192588389506,192589764673,192592756798,1667,432334,-1,192592756798,64,
0,4540,192686023846,192686023846,0,192686443381,192686444048,192686444173,192686511006,192702690512,192686440923,16666666,192686584881,192686640298,192686667048,192686943340,192688440006,2084,422959,-1,192688440006,64,
0,4546,193119357162,193119357162,226573563,193119835465,193119836548,193119836673,193119954632,193136023828,193119831048,16666666,193120306132,193120400423,193120450007,193121771090,193124820465,10416,751083,-1,193124820465,64,
0,4549,193252690490,193252690490,620292467,193252984965,193252985173,193252985298,193253026965,193269357156,193252983882,16666666,193253171465,193253242840,193253285173,193254009132,193255920132,1708,142667,-1,193255920132,64,
0,4552,193352690486,193352690486,0,193352962132,193352962590,193352962757,193353018882,193369357152,193352960423,16666666,193353073548,193353130673,193353160548,193353474382,193355289757,1791,229542,-1,193355289757,64,
0,4558,193786023802,193786023802,632059213,193787296965,193787297674,193787297840,193787387799,193802690468,193787294299,16666666,193787652049,193787848132,193787902049,193789122507,193793657715,1791,243750,-1,193793657715,64,
0,4561,193902690464,193902690464,1052791326,193904093715,193904094465,193904094632,193904166465,193919357130,193904091674,16666666,193904378799,193904474049,193904527757,193905501382,193909775215,1708,549125,-1,193909775215,64,
0,4564,194002690460,194002690460,0,194003004924,194003005382,194003005465,194003060590,194019357126,194003002799,16666666,194003112840,194003156132,194003183049,194003468549,194006518007,1583,206625,-1,194006518007,64,
0,4567,194269357116,194269357116,343434520,194271326299,194271326882,194271327049,194271382049,194286023782,194271323799,16666666,194271541132,194271603299,194271630757,194272711257,194274648549,1542,292542,-1,194274648549,64,
0,4570,194352690446,194352690446,56536894,194353374799,194353375215,194353375299,194353418799,194369357112,194353373215,16666666,194353532674,194353607590,194353631174,194354202882,194356217174,708,126792,-1,194356217174,64,
0,4573,194469357108,194469357108,0,194473329841,194473330424,194473330549,194473387132,194486023774,194473327924,16666666,194473442424,194473496174,194473522549,194473789549,194475284007,1500,267750,-1,194475284007,64,
0,4576,194702690432,194702690432,271467303,194703098257,194703098716,194703098882,194703180632,194719357098,194703097007,16666666,194703346299,194703398966,194703430091,194704302466,194706195924,1709,449750,-1,194706195924,64,
0,4579,194802690428,194802690428,31533835,194802991132,194802991507,194802991632,194803046257,194819357094,194802989507,16666666,194803366549,194803377341,194803420507,194804442174,194807286257,1000,186334,-1,194807286257,64,
0,4582,194902690424,194902690424,0,194903650216,194903650466,194903650591,194903691299,194919357090,194903648841,16666666,194903729382,194903773591,194903794799,194904025507,194905526716,1500,213958,-1,194905526716,64,
0,4585,195186023746,195186023746,1005533386,195187711674,195187712299,195187712466,195187771258,195202690412,195187709174,16666666,195187942174,195187997924,195188052716,195188645341,195190434716,1417,293167,-1,195190434716,64,
0,4588,195286023742,195286023742,191336876,195286664966,195286665508,195286665758,195286766341,195302690408,195286663091,16666666,195287104341,195287118841,195287161966,195287901966,195289676049,1000,133000,-1,195289676049,64,
0,4591,195386023738,195386023738,0,195389381799,195389382258,195389382383,195389422299,195402690404,195389380091,16666666,195389460799,195389502841,195389521799,195389731299,195391582091,1083,154417,-1,195391582091,64,
0,4597,195919357050,195919357050,350248823,195920454466,195920455341,195920455550,195920546383,195936023716,195920451175,16666666,195920794758,195920887425,195920939300,195921548841,195923467258,2250,229375,-1,195923467258,64,
0,4600,195986023714,195986023714,607298813,195986669466,195986669758,195986669966,195986714550,196002690380,195986668216,16666666,195986888091,195986986966,195987021675,195987939383,195989925175,1458,185750,-1,195989925175,64,
0,4603,196102690376,196102690376,0,196103455550,196103456175,196103456383,196103521133,196119357042,196103453550,16666666,196103584675,196103661550,196103699425,196104126758,196106344633,2500,366625,-1,196106344633,64,
0,4609,196936023676,196936023676,0,196937606217,196937606675,196937606925,196939778008,196952690342,196937604508,16666666,196939832217,196939867717,196939965217,196941116675,196973575592,6250,30277584,-1,196973575592,64,
1,4857,207319356594,207336023260,0,207347525472,207347525930,207347526055,207354969305,207336023260,207347523930,16666666,207355623930,207357343888,207357408097,207360699555,207364662138,1667,270416,-1,207364662138,64,
0,4972,214536022972,214536022972,0,214537071600,214537072433,214537072933,214539709892,214552689638,214537068392,16666666,214539769683,214539801767,214539828225,214542039933,214548752308,2750,560084,-1,214548752308,64,
0,5026,215702689592,215702689592,0,215703529017,215703529434,215703529559,215703858142,215719356258,215703527017,16666666,215704150267,215704483226,215704532726,215707257476,215715204351,2084,328166,-1,215715204351,64,
0,5174,216969356208,216969356208,0,216969881560,216969881935,216969882101,216970037643,216986022874,216969878143,16666666,216970067351,216970086560,216970101101,216972744810,216977345643,3500,1591834,-1,216977345643,64,
0,5321,218136022828,218136022828,0,218138483560,218138484477,218138484685,218138631394,218152689494,218138479769,16666666,218138694185,218138725269,218138759102,218140282685,218143314519,5625,365542,-1,218143314519,64,
0,5407,218719356138,218719356138,0,218719901685,218719902560,218719902685,218719996602,218736022804,218719897935,16666666,218720178852,218720197102,218720225185,218721169977,218723744019,1666,497375,-1,218723744019,64,
1,1124157,72029533150372,72029599817036,0,72029605643118,72029605643952,72029605644160,72029649907868,72029549817038,72029605628535,16666666,72029653116452,72029658188993,72029658851993,72029674705410,72029693264243,3125,1719459,-1,72029693264243,64,
0,1124202,72029816483694,72029816483694,0,72029817558160,72029817558535,72029817558618,72029817720827,72029833150360,72029817556660,16666666,72029817929160,72029818171952,72029818264493,72029820468702,72029827202827,1959,699292,-1,72029827202827,64,
0,1124595,72035116483482,72035116483482,0,72035120296704,72035120297871,72035120297996,72035124687413,72035133150148,72035120293871,16666666,72035124779246,72035125505788,72035125572163,72035131730413,72035141331454,3166,910500,-1,72035141331454,64,
0,1124692,72035833150120,72035833150120,0,72035834222413,72035834222830,72035834222955,72035834306663,72035849816786,72035834220371,16666666,72035834337080,72035834355955,72035834382038,72035838107538,72035849421788,2291,896709,-1,72035849421788,64,
1,1124864,72061216482438,72061299815768,0,72061310799092,72061310800342,72061310800550,72061356332342,72061233149104,72061310782300,16666666,72061359060258,72061369132175,72061369260300,72061380480842,72061396974592,4500,2179834,-1,72061396974592,64,
0,1124911,72061516482426,72061516482426,0,72061517202092,72061517202384,72061517202467,72061517454009,72061533149092,72061517200592,16666666,72061517700300,72061518139384,72061518178217,72061520369175,72061525524259,3708,1951542,-1,72061525524259,64,
0,1125109,72063549815678,72063583149010,0,72063587880593,72063587880926,72063587881051,72063597987510,72063566482344,72063587879176,16666666,72063598581551,72063598608593,72063598710176,72063615684010,72063631597135,4250,5440250,-1,72063631597135,64,
1,1125765,72076266481836,72076266481836,0,72076279226557,72076279226932,72076279227057,72076294789599,72076283148502,72076279225599,16666666,72076295831849,72076300594349,72076300931682,72076304674932,72076313429682,2000,484500,-1,72076313429682,64,
0,1125800,72076499815160,72076499815160,0,72076500494932,72076500495599,72076500495724,72076500785474,72076516481826,72076500492266,16666666,72076500917432,72076501106891,72076501222307,72076502257557,72076511606932,1875,351708,-1,72076511606932,64,
0,1125974,72078116481762,72078116481762,0,72078117467225,72078117467725,72078117467808,72078119408391,72078133148428,72078117464975,16666666,72078119508183,72078119520600,72078119570766,72078122073016,72078139455391,4041,941833,-1,72078139455391,64,
1,1126810,72610333127140,72610349793806,0,72610359547312,72610359548145,72610359548312,72610402800062,72610349793806,72610359527645,16666666,72610407205729,72610415538395,72610416099854,72610424191604,0,5250,3026208,0,72610446106854,64,
0,1126851,72610583127130,72610583127130,0,72610585175937,72610585176562,72610585176687,72610585353187,72610599793796,72610585172770,16666666,72610585460104,72610585874895,72610585947062,72610586784854,0,3125,2143250,0,72610594479229,64,
0,1591101,130029914163690,130029914163690,0,130029916242703,130029916243370,130029916243495,130029936425870,130029930830356,130029916232953,16666666,130029937115786,130029937184036,130029937561495,130029940929161,0,3084,871416,0,130029990032495,64,
0,1591116,130029997497020,130030097497016,0,130030099838078,130030099838953,130030099839120,130030112444036,130030014163686,130030099836203,16666666,130030115753745,130030116414411,130030116504453,130030127517203,130030136808411,2916,243416,-1,130030136808411,64,
0,1591175,130030330830340,130030330830340,0,130030332401578,130030332402245,130030332402495,130030332689578,130030347497006,130030332398953,16666666,130030332852328,130030332869495,130030332897620,130030333954036,130030352544995,3292,5976667,-1,130030352544995,64,
0,1629743,134787213973398,134787297306728,0,134787309636300,134787309637050,134787309637217,134787312495259,134787230640064,134787309621425,16666666,134787313592884,134787313816550,134787316575592,134787329717717,134787339036467,2250,632042,-1,134787339036467,919123001408,
0,1629984,134791230639904,134791230639904,0,134791231351177,134791231352052,134791231352177,134791231623177,134791247306570,134791231315136,16666666,134791231769927,134791231832219,134791232218886,134791238661636,134791254807552,3042,5155750,-1,134791254807552,996432412736,
1,2504046,171894179155786,171894212489118,0,171894220987971,171894220988471,171894220988555,171894260333805,171894195822452,171894220982846,16666666,171894277006180,171894285684596,171894286741763,171894291489846,171894300638430,1583,569792,-1,171894300638430,1125281431616,
0,2504087,171894445822442,171894445822442,0,171894447866096,171894447866305,171894447866388,171894448106596,171894462489108,171894447864721,16666666,171894448225805,171894448484055,171894448515846,171894449253930,171894455950055,2333,314041,-1,171894455950055,282394099712064,
0,2504143,171897395822324,171897395822324,0,171897398369806,171897398370389,171897398370556,171897398605514,171897412488990,171897398367931,16666666,171897398679223,171897398726639,171897399031056,171897401875598,171897407866556,2291,444417,-1,171897407866556,283643935195200,
0,2504154,171898479155614,171898479155614,0,171898479981265,171898479981682,171898479981765,171898480155765,171898495822280,171898479979807,16666666,171898480387265,171898480433723,171898480553848,171898482000015,171898483303640,1042,129000,-1,171898483303640,1127231346704448,
0,2504162,171898662488940,171898662488940,0,171898663806098,171898663806432,171898663806557,171898664601682,171898679155606,171898663804557,16666666,171898664640015,171898664691015,171898664716140,171898666452557,171898667593640,1000,134084,-1,171898667593640,2253990247006272,
0,2504170,171898845822266,171898845822266,0,171898846217140,171898846217515,171898846217598,171898846368723,171898862488932,171898846215057,16666666,171898846592598,171898846704140,171898846728348,171898847189348,171898849096557,1375,194917,-1,171898849096557,25053463360569408,
0,2504185,171900545822198,171900579155530,0,171900583040391,171900583040891,171900583040933,171900583208766,171900562488864,171900583039141,16666666,171900583578349,171900583906683,171900583977058,171900591725808,171900594813183,1917,139500,-1,171900594813183,33778328645140544,
0,2504376,171906345821966,171906345821966,0,171906347134894,171906347135560,171906347135810,171906394428602,171906362488632,171906347132144,16666666,171906394470644,171906394610560,171906394634560,171906395771810,171906400196602,3041,322792,-1,171906400196602,45037327713566784,
0,2504406,171906529155292,171906529155292,0,171906532164519,171906532164935,171906532165019,171906532228727,171906545821958,171906532162435,16666666,171906532254310,171906532268144,171906532283269,171906536502935,171906549258727,1875,161750,-1,171906549258727,45037327713566784,
0,2504669,171910395821804,171910395821804,0,171910396673104,171910396673646,171910396673771,171910396763562,171910412488470,171910396670521,16666666,171910396822396,171910397218479,171910397243854,171910401083312,171910415624562,3459,370000,-1,171910415624562,45037327713566784,
1,2514887,208639144352654,208639177685986,0,208639183639585,208639183640460,208639183640543,208639217717543,208639161019320,208639183393293,16666666,208639227524043,208639229141460,208639230082335,208639237515418,208639249141668,3208,1852625,-1,208639249141668,45037327713566784,
0,2514924,208639377685978,208639377685978,0,208639378001543,208639378002043,208639378002252,208639378184543,208639394352644,208639377999793,16666666,208639379235127,208639379283627,208639379306752,208639379720543,208639389392293,2958,407042,-1,208639389392293,45037327713566784,
0,2515462,208646894352344,208646894352344,0,208646894951005,208646894951463,208646894951672,208646896772922,208646911019010,208646894949172,16666666,208646900747838,208646900947963,208646900989588,208646902203463,208646905587255,2375,500334,-1,208646905587255,45037327713566784,
0,2515537,208647427685656,208647427685656,0,208647428069797,208647428070464,208647428070589,208647428171589,208647444352322,208647428067630,16666666,208647428206297,208647428226172,208647428255255,208647430577547,208647439173589,1792,2908208,-1,208647439173589,45037327713566784,
0,2515671,208649327685580,208649327685580,0,208649328756381,208649328756840,208649328756965,208649328966840,208649344352246,208649328754465,16666666,208649328992881,208649329238423,208649329288881,208649330783715,208649336467423,1416,482833,-1,208649336467423,45037327713566784,
---PROFILEDATA---


View hierarchy:

  InputMethod/android.view.ViewRootImpl@8a7a5ee
  50 views, 72.75 kB of render nodes


Total ViewRootImpl   : 1
Total attached Views : 50
Total RenderNode     : 72.75 kB (used) / 76.88 kB (capacity)


** Graphics info for pid 16775 [com.android.providers.calendar] **
Profile data in ms:

View hierarchy:


Total ViewRootImpl   : 0
Total attached Views : 0
Total RenderNode     : 0.00 kB (used) / 0.00 kB (capacity)


** Graphics info for pid 3531 [com.google.samples.apps.nowinandroid.demo.debug] **
Profile data in ms:

View hierarchy:


Total ViewRootImpl   : 0
Total attached Views : 0
Total RenderNode     : 0.00 kB (used) / 0.00 kB (capacity)


** Graphics info for pid 16837 [com.android.statementservice] **
Profile data in ms:

View hierarchy:


Total ViewRootImpl   : 0
Total attached Views : 0
Total RenderNode     : 0.00 kB (used) / 0.00 kB (capacity)


** Graphics info for pid 3510 [com.android.deskclock] **
Profile data in ms:

View hierarchy:


Total ViewRootImpl   : 0
Total attached Views : 0
Total RenderNode     : 0.00 kB (used) / 0.00 kB (capacity)


** Graphics info for pid 3488 [com.android.calendar] **
Profile data in ms:

View hierarchy:


Total ViewRootImpl   : 0
Total attached Views : 0
Total RenderNode     : 0.00 kB (used) / 0.00 kB (capacity)


** Graphics info for pid 18859 [com.android.permissioncontroller] **

Stats since: 540692974784841ns
Total frames rendered: 0
Janky frames: 0 (0.00%)
Janky frames (legacy): 0 (0.00%)
50th percentile: 4950ms
90th percentile: 4950ms
95th percentile: 4950ms
99th percentile: 4950ms
Number Missed Vsync: 0
Number High input latency: 0
Number Slow UI thread: 0
Number Slow bitmap uploads: 0
Number Slow issue draw commands: 0
Number Frame deadline missed: 0
Number Frame deadline missed (legacy): 0
HISTOGRAM: 5ms=0 6ms=0 7ms=0 8ms=0 9ms=0 10ms=0 11ms=0 12ms=0 13ms=0 14ms=0 15ms=0 16ms=0 17ms=0 18ms=0 19ms=0 20ms=0 21ms=0 22ms=0 23ms=0 24ms=0 25ms=0 26ms=0 27ms=0 28ms=0 29ms=0 30ms=0 31ms=0 32ms=0 34ms=0 36ms=0 38ms=0 40ms=0 42ms=0 44ms=0 46ms=0 48ms=0 53ms=0 57ms=0 61ms=0 65ms=0 69ms=0 73ms=0 77ms=0 81ms=0 85ms=0 89ms=0 93ms=0 97ms=0 101ms=0 105ms=0 109ms=0 113ms=0 117ms=0 121ms=0 125ms=0 129ms=0 133ms=0 150ms=0 200ms=0 250ms=0 300ms=0 350ms=0 400ms=0 450ms=0 500ms=0 550ms=0 600ms=0 650ms=0 700ms=0 750ms=0 800ms=0 850ms=0 900ms=0 950ms=0 1000ms=0 1050ms=0 1100ms=0 1150ms=0 1200ms=0 1250ms=0 1300ms=0 1350ms=0 1400ms=0 1450ms=0 1500ms=0 1550ms=0 1600ms=0 1650ms=0 1700ms=0 1750ms=0 1800ms=0 1850ms=0 1900ms=0 1950ms=0 2000ms=0 2050ms=0 2100ms=0 2150ms=0 2200ms=0 2250ms=0 2300ms=0 2350ms=0 2400ms=0 2450ms=0 2500ms=0 2550ms=0 2600ms=0 2650ms=0 2700ms=0 2750ms=0 2800ms=0 2850ms=0 2900ms=0 2950ms=0 3000ms=0 3050ms=0 3100ms=0 3150ms=0 3200ms=0 3250ms=0 3300ms=0 3350ms=0 3400ms=0 3450ms=0 3500ms=0 3550ms=0 3600ms=0 3650ms=0 3700ms=0 3750ms=0 3800ms=0 3850ms=0 3900ms=0 3950ms=0 4000ms=0 4050ms=0 4100ms=0 4150ms=0 4200ms=0 4250ms=0 4300ms=0 4350ms=0 4400ms=0 4450ms=0 4500ms=0 4550ms=0 4600ms=0 4650ms=0 4700ms=0 4750ms=0 4800ms=0 4850ms=0 4900ms=0 4950ms=0
50th gpu percentile: 4950ms
90th gpu percentile: 4950ms
95th gpu percentile: 4950ms
99th gpu percentile: 4950ms
GPU HISTOGRAM: 1ms=0 2ms=0 3ms=0 4ms=0 5ms=0 6ms=0 7ms=0 8ms=0 9ms=0 10ms=0 11ms=0 12ms=0 13ms=0 14ms=0 15ms=0 16ms=0 17ms=0 18ms=0 19ms=0 20ms=0 21ms=0 22ms=0 23ms=0 24ms=0 25ms=0 4950ms=0
Pipeline=Skia (OpenGL)
CPU Caches:
  Glyph Cache: 1.59 MB (1 entry)
  Glyph Count: 117 
Total CPU memory usage:
  1669689 bytes, 1.59 MB (0.00 bytes is purgeable)
GPU Caches:
  Other:
    Other: 0.00 bytes (1 entry)
  Scratch:
    Buffer Object: 78.00 KB (2 entries)
    Texture: 2.00 MB (1 entry)
Total GPU memory usage:
  2177024 bytes, 2.08 MB (0.00 bytes is purgeable)

Profile data in ms:

View hierarchy:


Total ViewRootImpl   : 0
Total attached Views : 0
Total RenderNode     : 0.00 kB (used) / 0.00 kB (capacity)


** Graphics info for pid 13431 [com.android.keychain] **
Profile data in ms:

View hierarchy:


Total ViewRootImpl   : 0
Total attached Views : 0
Total RenderNode     : 0.00 kB (used) / 0.00 kB (capacity)


** Graphics info for pid 1269 [com.android.providers.media.module] **
Profile data in ms:

View hierarchy:


Total ViewRootImpl   : 0
Total attached Views : 0
Total RenderNode     : 0.00 kB (used) / 0.00 kB (capacity)


** Graphics info for pid 29508 [com.android.gallery3d] **
Profile data in ms:

View hierarchy:


Total ViewRootImpl   : 0
Total attached Views : 0
Total RenderNode     : 0.00 kB (used) / 0.00 kB (capacity)


** Graphics info for pid 974 [android.ext.services] **
Profile data in ms:

View hierarchy:


Total ViewRootImpl   : 0
Total attached Views : 0
Total RenderNode     : 0.00 kB (used) / 0.00 kB (capacity)


** Graphics info for pid 1276 [com.android.emulator.multidisplay] **
Profile data in ms:

View hierarchy:


Total ViewRootImpl   : 0
Total attached Views : 0
Total RenderNode     : 0.00 kB (used) / 0.00 kB (capacity)


** Graphics info for pid 924 [com.android.phone] **
Profile data in ms:

View hierarchy:


Total ViewRootImpl   : 0
Total attached Views : 0
Total RenderNode     : 0.00 kB (used) / 0.00 kB (capacity)


** Graphics info for pid 916 [com.android.se] **
Profile data in ms:

View hierarchy:


Total ViewRootImpl   : 0
Total attached Views : 0
Total RenderNode     : 0.00 kB (used) / 0.00 kB (capacity)


** Graphics info for pid 859 [com.android.networkstack.process] **
Profile data in ms:

View hierarchy:


Total ViewRootImpl   : 0
Total attached Views : 0
Total RenderNode     : 0.00 kB (used) / 0.00 kB (capacity)


** Graphics info for pid 780 [com.android.systemui] **

Stats since: 540692971010883ns
Total frames rendered: 152
Janky frames: 0 (0.00%)
Janky frames (legacy): 96 (63.16%)
50th percentile: 18ms
90th percentile: 27ms
95th percentile: 30ms
99th percentile: 61ms
Number Missed Vsync: 0
Number High input latency: 0
Number Slow UI thread: 0
Number Slow bitmap uploads: 0
Number Slow issue draw commands: 0
Number Frame deadline missed: 0
Number Frame deadline missed (legacy): 96
HISTOGRAM: 5ms=7 6ms=4 7ms=5 8ms=3 9ms=3 10ms=2 11ms=7 12ms=7 13ms=4 14ms=4 15ms=8 16ms=3 17ms=16 18ms=12 19ms=9 20ms=5 21ms=9 22ms=10 23ms=6 24ms=3 25ms=3 26ms=5 27ms=3 28ms=1 29ms=2 30ms=4 31ms=1 32ms=1 34ms=2 36ms=0 38ms=0 40ms=1 42ms=0 44ms=0 46ms=0 48ms=0 53ms=0 57ms=0 61ms=1 65ms=0 69ms=0 73ms=0 77ms=0 81ms=1 85ms=0 89ms=0 93ms=0 97ms=0 101ms=0 105ms=0 109ms=0 113ms=0 117ms=0 121ms=0 125ms=0 129ms=0 133ms=0 150ms=0 200ms=0 250ms=0 300ms=0 350ms=0 400ms=0 450ms=0 500ms=0 550ms=0 600ms=0 650ms=0 700ms=0 750ms=0 800ms=0 850ms=0 900ms=0 950ms=0 1000ms=0 1050ms=0 1100ms=0 1150ms=0 1200ms=0 1250ms=0 1300ms=0 1350ms=0 1400ms=0 1450ms=0 1500ms=0 1550ms=0 1600ms=0 1650ms=0 1700ms=0 1750ms=0 1800ms=0 1850ms=0 1900ms=0 1950ms=0 2000ms=0 2050ms=0 2100ms=0 2150ms=0 2200ms=0 2250ms=0 2300ms=0 2350ms=0 2400ms=0 2450ms=0 2500ms=0 2550ms=0 2600ms=0 2650ms=0 2700ms=0 2750ms=0 2800ms=0 2850ms=0 2900ms=0 2950ms=0 3000ms=0 3050ms=0 3100ms=0 3150ms=0 3200ms=0 3250ms=0 3300ms=0 3350ms=0 3400ms=0 3450ms=0 3500ms=0 3550ms=0 3600ms=0 3650ms=0 3700ms=0 3750ms=0 3800ms=0 3850ms=0 3900ms=0 3950ms=0 4000ms=0 4050ms=0 4100ms=0 4150ms=0 4200ms=0 4250ms=0 4300ms=0 4350ms=0 4400ms=0 4450ms=0 4500ms=0 4550ms=0 4600ms=0 4650ms=0 4700ms=0 4750ms=0 4800ms=0 4850ms=0 4900ms=0 4950ms=0
50th gpu percentile: 4950ms
90th gpu percentile: 4950ms
95th gpu percentile: 4950ms
99th gpu percentile: 4950ms
GPU HISTOGRAM: 1ms=0 2ms=0 3ms=0 4ms=0 5ms=0 6ms=0 7ms=0 8ms=0 9ms=0 10ms=0 11ms=0 12ms=0 13ms=0 14ms=0 15ms=0 16ms=0 17ms=0 18ms=0 19ms=0 20ms=0 21ms=0 22ms=0 23ms=0 24ms=0 25ms=0 4950ms=0
Pipeline=Skia (OpenGL)
CPU Caches:
  Glyph Cache: 1.60 MB (1 entry)
  Glyph Count: 61 
Total CPU memory usage:
  1676919 bytes, 1.60 MB (0.00 bytes is purgeable)
GPU Caches:
  Other:
    Other: 824.00 bytes (1 entry)
  SW Path Mask:
    Texture: 840.00 bytes (2 entries)
  Scratch:
    RenderTarget: 744.00 KB (3 entries)
    Texture: 4.00 MB (2 entries)
    Buffer Object: 110.00 KB (3 entries)
  Image:
    Texture: 29.67 KB (11 entries)
Total GPU memory usage:
  5102892 bytes, 4.87 MB (88.49 KB is purgeable)

Profile data in ms:

	NavigationBar0/android.view.ViewRootImpl@b6363b4 (visibility=0)
Window: NavigationBar0
Stats since: 6440581293ns
Total frames rendered: 19571
Janky frames: 0 (0.00%)
Janky frames (legacy): 7491 (38.28%)
50th percentile: 14ms
90th percentile: 36ms
95th percentile: 53ms
99th percentile: 97ms
Number Missed Vsync: 0
Number High input latency: 9155
Number Slow UI thread: 0
Number Slow bitmap uploads: 0
Number Slow issue draw commands: 0
Number Frame deadline missed: 0
Number Frame deadline missed (legacy): 2215
HISTOGRAM: 5ms=5043 6ms=997 7ms=805 8ms=627 9ms=557 10ms=440 11ms=426 12ms=362 13ms=333 14ms=370 15ms=393 16ms=787 17ms=1524 18ms=1162 19ms=716 20ms=458 21ms=330 22ms=263 23ms=209 24ms=202 25ms=203 26ms=171 27ms=142 28ms=129 29ms=128 30ms=155 31ms=148 32ms=280 34ms=215 36ms=195 38ms=172 40ms=151 42ms=117 44ms=97 46ms=97 48ms=166 53ms=168 57ms=119 61ms=104 65ms=88 69ms=69 73ms=69 77ms=47 81ms=49 85ms=24 89ms=38 93ms=29 97ms=22 101ms=22 105ms=13 109ms=15 113ms=7 117ms=12 121ms=10 125ms=10 129ms=3 133ms=14 150ms=51 200ms=11 250ms=2 300ms=2 350ms=1 400ms=1 450ms=0 500ms=1 550ms=0 600ms=0 650ms=0 700ms=0 750ms=0 800ms=0 850ms=0 900ms=0 950ms=0 1000ms=0 1050ms=0 1100ms=0 1150ms=0 1200ms=0 1250ms=0 1300ms=0 1350ms=0 1400ms=0 1450ms=0 1500ms=0 1550ms=0 1600ms=0 1650ms=0 1700ms=0 1750ms=0 1800ms=0 1850ms=0 1900ms=0 1950ms=0 2000ms=0 2050ms=0 2100ms=0 2150ms=0 2200ms=0 2250ms=0 2300ms=0 2350ms=0 2400ms=0 2450ms=0 2500ms=0 2550ms=0 2600ms=0 2650ms=0 2700ms=0 2750ms=0 2800ms=0 2850ms=0 2900ms=0 2950ms=0 3000ms=0 3050ms=0 3100ms=0 3150ms=0 3200ms=0 3250ms=0 3300ms=0 3350ms=0 3400ms=0 3450ms=0 3500ms=0 3550ms=0 3600ms=0 3650ms=0 3700ms=0 3750ms=0 3800ms=0 3850ms=0 3900ms=0 3950ms=0 4000ms=0 4050ms=0 4100ms=0 4150ms=0 4200ms=0 4250ms=0 4300ms=0 4350ms=0 4400ms=0 4450ms=0 4500ms=0 4550ms=0 4600ms=0 4650ms=0 4700ms=0 4750ms=0 4800ms=0 4850ms=0 4900ms=0 4950ms=0
50th gpu percentile: 4950ms
90th gpu percentile: 4950ms
95th gpu percentile: 4950ms
99th gpu percentile: 4950ms
GPU HISTOGRAM: 1ms=0 2ms=0 3ms=0 4ms=0 5ms=0 6ms=0 7ms=0 8ms=0 9ms=0 10ms=0 11ms=0 12ms=0 13ms=0 14ms=0 15ms=0 16ms=0 17ms=0 18ms=0 19ms=0 20ms=0 21ms=0 22ms=0 23ms=0 24ms=0 25ms=0 4950ms=0


---PROFILEDATA---
Flags,FrameTimelineVsyncId,IntendedVsync,Vsync,InputEventId,HandleInputStart,AnimationStart,PerformTraversalsStart,DrawStart,FrameDeadline,FrameInterval,FrameStartTime,SyncQueued,SyncStart,IssueDrawCommandsStart,SwapBuffers,FrameCompleted,DequeueBufferDuration,QueueBufferDuration,GpuCompleted,SwapBuffersCompleted,DisplayPresentTime,
0,3437487,530442798147174,530442798147174,0,530442798896013,530442798897054,530442798991471,530442799030679,530442814813840,530442798891846,16666666,530442799037054,530442806836429,530442806928763,530442810142054,530442818567346,7568292,162916,-1,530442818567346,0,
0,3437489,530442814819390,530442814819390,0,530442818789263,530442818790179,530442818874221,530442818897804,530442831486056,530442818786554,16666666,530442818902304,530442818910221,530442818924513,530442821493429,530442833964304,11424792,334250,-1,530442833964304,72904454231820044,
0,3437491,530442831480506,530442831480506,0,530442831959013,530442831959763,530442832081763,530442832112054,530442848147172,530442831956554,16666666,530442832117929,530442834018138,530442834044221,530442835765721,530442855021513,14121459,2639584,-1,530442855021513,0,
0,3437493,530442848147172,530442848147172,0,530442848669471,530442848670179,530442848722138,530442848748096,530442864813838,530442848666346,16666666,530442848752388,530442855036346,530442855354971,530442868647596,530442876924429,3334,403541,-1,530442876924429,72057628415623246,
0,3437495,530442864813838,530442864813838,0,530442868359929,530442868360638,530442868435971,530442868470263,530442881480504,530442868357138,16666666,530442868476846,530442876938471,530442876985263,530442878230679,530442884955096,209666,1295125,-1,530442884955096,0,
0,3437498,530442881480504,530442881480504,0,530442883729263,530442883730304,530442883858721,530442883936138,530442898147170,530442883725929,16666666,530442883940721,530442884967638,530442885011054,530442893605971,530442900282804,1798834,665542,-1,530442900282804,0,
0,3437501,530442898147170,530442898147170,0,530442899087388,530442899088221,530442899143638,530442899169888,530442914813836,530442899084596,16666666,530442899175138,530442900296846,530442900418096,530442903303804,530442923121721,15491458,335959,-1,530442923121721,72904454231491431,
0,3437504,530442914813836,530442914813836,0,530442920844596,530442920845513,530442921178846,530442921206596,530442931480502,530442920841888,16666666,530442921211596,530442923134846,530442923154430,530442924828263,530442935323471,2523792,1765791,-1,530442935323471,0,
0,3437507,530442931480502,530442931480502,0,530442933001513,530442933002388,530442933059180,530442933089471,530442948147168,530442932998263,16666666,530442933096096,530442935337221,530442935365471,530442940228055,530442951669055,4150833,399125,-1,530442951669055,72057628415623380,
0,3437509,530442948147168,530442948147168,0,530442948930138,530442948930888,530442949037180,530442949080263,530442964813834,530442948927721,16666666,530442949088721,530442951687721,530442951715346,530443006747138,530443022173596,3916,4557625,-1,530443022173596,0,
0,3437511,530442964813834,530442964813834,0,530442968867721,530442968868346,530442968936138,530442968961638,530442981480500,530442968865305,16666666,530442968965846,530443022187055,530443022204471,530443022480180,530443039701638,15058334,773333,-1,530443039701638,0,
0,3437512,530442981480500,530443014813832,0,530443024096055,530443024096221,530443024143180,530443024166846,530442998147166,530443024095221,16666666,530443024171430,530443039714055,530443039762471,530443061109888,530443087143930,3042,1013459,-1,530443087143930,72904454231884075,
0,3437515,530443031480498,530443031480498,0,530443044963638,530443044963971,530443045055305,530443045086221,530443048147164,530443044962388,16666666,530443045092346,530443087161763,530443087187680,530443089738513,530443109760721,15792208,2759583,-1,530443109760721,0,
0,3437517,530443048147164,530443081480496,0,530443089025138,530443089025430,530443089106805,530443089132513,530443064813830,530443089024388,16666666,530443089136555,530443109776846,530443109809846,530443111120555,530443127956180,2270583,1671875,-1,530443127956180,360288004567335178,
0,3437520,530443098147162,530443098147162,0,530443112953138,530443112953346,530443113045763,530443113072180,530443114813828,530443112951888,16666666,530443113076846,530443127999180,530443128197638,530443143571013,530443147526346,1833,556250,-1,530443147526346,0,
0,3437522,530443114813828,530443114813828,0,530443128359763,530443128360180,530443128453721,530443128481430,530443131480494,530443128358221,16666666,530443128486013,530443147537930,530443147557221,530443148742013,530443162369305,8952208,172667,-1,530443162369305,0,
0,3437524,530443131480494,530443148147160,0,530443150289888,530443150289971,530443150358971,530443150384680,530443148147160,530443150289221,16666666,530443150389305,530443162385430,530443162409388,530443166156846,530443170331721,525958,521667,-1,530443170331721,0,
0,3437529,530443164813826,530443164813826,0,530443168460680,530443168461096,530443168510096,530443168540846,530443181480492,530443168458138,16666666,530443168545388,530443170345221,530443170363555,530443175280555,530443186214555,5997208,501291,-1,530443186214555,0,
0,3437532,530443181480492,530443181480492,0,530443182646805,530443182647430,530443183084471,530443183881388,530443198147158,530443182644305,16666666,530443183891555,530443186230805,530443186370596,530443192637596,530443203104555,7350500,150416,-1,530443203104555,0,
0,3437535,530443198147158,530443198147158,0,530443203090763,530443203091638,530443203201430,530443203240930,530443214813824,530443203067180,16666666,530443203258221,530443234528721,530443234608055,530443235567430,530443241644971,3074583,686208,-1,530443241644971,0,
0,3437538,530443214813824,530443231480490,0,530443238476305,530443238477013,530443238568763,530443238601638,530443231480490,530443238473763,16666666,530443238607430,530443241654138,530443241668846,530443253719013,530443263464930,3777667,4512500,-1,530443263464930,0,
0,3437542,530443248147156,530443281480488,0,530443290472638,530443290472930,530443290559055,530443290590763,530443264813822,530443290471263,16666666,530443290596471,530443305629180,530443306071180,530443306620388,530443317645013,3375,1695750,-1,530443317645013,0,
0,3437549,530443298147154,530443298147154,0,530443306495263,530443306495513,530443307301388,530443307338055,530443314813820,530443306494055,16666666,530443307345138,530443362469513,530443362567596,530443363663680,530443371854013,1168125,970292,-1,530443371854013,0,
0,3437552,530443314813820,530443348147152,0,530443363013180,530443363013596,530443363520263,530443363561680,530443331480486,530443363011596,16666666,530443363569388,530443423662138,530443423708680,530443426115513,530443430609305,4208,504500,-1,530443430609305,0,
0,3437557,530443364819368,530443414819366,0,530443423997555,530443423997888,530443424207721,530443424238763,530443381486034,530443423996055,16666666,530443424243930,530443446383846,530443446447096,530443447169721,530443449063513,3250,755417,-1,530443449063513,0,
0,3437562,530443431480482,530443431480482,0,530443446882430,530443446882763,530443446973888,530443447015180,530443448147148,530443446881221,16666666,530443447020596,530443461924096,530443461964388,530443463295555,530443465472221,2292,721542,-1,530443465472221,0,
0,3437564,530443448147148,530443448147148,0,530443462451555,530443462451888,530443462541721,530443462569096,530443464813814,530443462450388,16666666,530443462573846,530443473679221,530443473715305,530443474494346,530443477867721,3291,480750,-1,530443477867721,0,
0,3437566,530443464813814,530443464813814,0,530443473909888,530443473910138,530443474015055,530443474044471,530443481480480,530443473908846,16666666,530443474061471,530443491341555,530443491389513,530443491538638,530443492739263,2208,248042,-1,530443492739263,0,
0,3437568,530443481480480,530443481480480,0,530443491501971,530443491502180,530443491574971,530443491601388,530443498147146,530443491500930,16666666,530443491605846,530443504520763,530443504571305,530443504969138,530443510159430,3459,381083,-1,530443510159430,0,
0,3437598,530443764813802,530443764813802,0,530443773536138,530443773537138,530443773683472,530443777938347,530443781480468,530443773529680,16666666,530443778087763,530443787896263,530443787936597,530443788955263,530443790365555,2417,314208,-1,530443790365555,0,
0,3437601,530443781480468,530443781480468,0,530443788419013,530443788419597,530443788813513,530443790612472,530443798147134,530443788417347,16666666,530443790655430,530443804385388,530443804424847,530443805133555,530443810342138,3000,367209,-1,530443810342138,0,
0,3437604,530443798147134,530443798147134,0,530443805056472,530443805056638,530443805458888,530443810610180,530443814813800,530443805055722,16666666,530443810665055,530443824763430,530443824901305,530443826420263,530443841183222,4042,10078875,-1,530443841183222,0,
0,3437607,530443814813800,530443814813800,0,530443825581013,530443825581347,530443826296388,530443845059055,530443831480466,530443825579722,16666666,530443845143388,530443874107055,530443874150763,530443874885555,530443934968638,3833,55901791,-1,530443934968638,0,
0,3437609,530443831480466,530443864813798,0,530443874284680,530443874285055,530443874544305,530443935481430,530443848147132,530443874283555,16666666,530443935548180,530443949207305,530443949247722,530443950139180,530443951252513,2958,345625,-1,530443951252513,0,
0,3437613,530443881480464,530443948147128,0,530443949459972,530443949460180,530443949823222,530443951456055,530443898147130,530443949459055,16666666,530443951498097,530443969702430,530443969770722,530443972549013,530443975237888,14708,350417,-1,530443975237888,0,
0,3437753,530956464793294,530956464793294,0,530956478416466,530956478417299,530956478468758,530956478784883,530956481459960,530956478402258,16666666,530956478824758,530956499132549,530956501399633,530956502808341,530956525660049,12709,9177792,-1,530956525660049,0,
0,3437758,530956498126626,530956498126626,0,530956504296633,530956504297216,530956504353091,530956504377799,530956514793292,530956504294758,16666666,530956504382674,530956525694133,530956526002216,530956532640424,530956593984466,57233541,2512334,-1,530956593984466,0,
0,3437761,530956514793292,530956514793292,0,530956525908924,530956525909091,530956525956258,530956525977883,530956531459958,530956525907966,16666666,530956525982466,530956593999508,530956594045591,530956599619883,530956609563883,4042,626458,-1,530956609563883,0,
0,3437764,530956531459958,530956581459956,0,530956594645883,530956594646174,530956594695674,530956594718591,530956548126624,530956594644383,16666666,530956594723049,530956609583091,530956609603841,530956610790549,528848126440086,19309667,12396500,-1,530956650096133,0,
0,3437773,530956598137726,530956614804392,0,530956624066966,530956624067758,530956624120424,530956624145091,530956614804392,530956624064049,16666666,530956624149424,530956650112133,530956652549508,530956697854966,530956706056174,3292,3270708,-1,530956706056174,0,
0,3437779,530956631459954,530956648126620,0,530956655012008,530956655012424,530956655156466,530956655190883,530956648126620,530956655010091,16666666,530956655197591,530956706583299,530956706725216,530956706925091,528848154115711,57048209,7135708,-1,530956782843633,0,
0,3437785,530956664793286,530956714793284,0,530956715202424,530956715203258,530956715348383,530956715508966,530956681459952,530956715199633,16666666,530956715521383,530956782878841,530956823095966,530956823801675,530956825068300,2083,315292,-1,530956825068300,0,
0,3437816,530957148126600,530957148126600,0,530957149474758,530957149475091,530957149573633,530957156265466,530957164793266,530957149473341,16666666,530957156426758,530957164462133,530957164481716,530957165617425,530957167382133,3167,666375,-1,530957167382133,0,
0,3437819,530957164793266,530957164793266,0,530957165803508,530957165803675,530957166033091,530957179168425,530957181459932,530957165802591,16666666,530957179823258,530957180230008,530957180642466,530957180968966,530957192846841,2765500,4884792,-1,530957192846841,0,
0,3437822,530957181459932,530957181459932,0,530957187331133,530957187332133,530957198784091,530957208264258,530957198126598,530957187328008,16666666,530957208330050,530957244270758,530957244581841,530957249671175,530957269817800,2458,3024125,-1,530957269817800,0,
0,3437825,530957198126598,530957231459930,0,530957244920591,530957244920675,530957247391008,530957270597925,530957214793264,530957244919716,16666666,530957270652091,530957293138133,530957293169633,530957293339966,530957295840508,4458,728834,-1,530957295840508,0,
0,3437834,530957264793262,530957281459928,0,530957293281633,530957293281925,530957293462883,530957297751216,530957281459928,530957293280466,16666666,530957297796091,530957328144675,530957328187883,530957328660800,530957331968966,16459,760958,-1,530957331968966,0,
0,3437868,530957514793252,530957514793252,0,530957519117258,530957519118217,530957519213133,530957519244842,530957531459918,530957519113842,16666666,530957519251258,530957519523633,530957519582217,530957521135175,530957522899717,3000,959458,-1,530957522899717,0,
0,3437870,530957531459918,530957531459918,0,530957532804008,530957532804675,530957533216550,530957533261133,530957548126584,530957532801675,16666666,530957533266800,530957533283633,530957533318342,530957533516883,530957553025758,7747417,238042,-1,530957553025758,0,
0,3437872,530957548126584,530957548126584,0,530957552865050,530957552865758,530957552944092,530957552975383,530957564793250,530957552862383,16666666,530957552981300,530957553035800,530957553070675,530957553628883,530957561856508,1987666,737041,-1,530957561856508,0,
0,3437874,530957564793250,530957564793250,0,530957566128967,530957566129633,530957566190592,530957566216092,530957581459916,530957566126758,16666666,530957566220383,530957566233092,530957566318467,530957566665550,530957574308383,1106083,622292,-1,530957574308383,0,
0,3437876,530957581459916,530957581459916,0,530957582268133,530957582269092,530957582361675,530957582393092,530957598126582,530957582259092,16666666,530957582399175,530957582427383,530957582461133,530957583344925,530957586361508,678375,806750,-1,530957586361508,0,
0,3437878,530957598126582,530957598126582,0,530957598614925,530957598615675,530957599011675,530957599044717,530957614793248,530957598612592,16666666,530957599050633,530957600955675,530957600992967,530957601556050,530957610564300,4209,691375,-1,530957610564300,0,
0,3437880,530957614793248,530957614793248,0,530957615190925,530957615191675,530957615254717,530957615283217,530957631459914,530957615188592,16666666,530957615288592,530957615300925,530957615330717,530957615560592,530957617702883,472542,966875,-1,530957617702883,0,
0,3437882,530957631459914,530957631459914,0,530957631728592,530957631729258,530957631787467,530957631813300,530957648126580,530957631726217,16666666,530957631818258,530957631829008,530957631859925,530957632245508,530957633567342,3416,522084,-1,530957633567342,0,
0,3437884,530957648126580,530957648126580,0,530957649457633,530957649458383,530957649944675,530957649991467,530957664793246,530957649454883,16666666,530957650048383,530957650070342,530957650127133,530957650664425,530957669900758,2959,971959,-1,530957669900758,0,
0,3437885,530957664793246,530957664793246,0,530957665520383,530957665521175,530957665613717,530957665646800,530957681459912,530957665517675,16666666,530957665653092,530957669913550,530957669942092,530957670363008,530957682927383,10421041,331416,-1,530957682927383,0,
0,3437887,530957681459912,530957681459912,0,530957681815800,530957681816550,530957681887592,530957681917883,530957698126578,530957681813508,16666666,530957681923467,530957682940550,530957682973425,530957690179842,530957699675050,6198958,359917,-1,530957699675050,0,
0,3437889,530957698126578,530957698126578,0,530957698580925,530957698581842,530957698647467,530957698677175,530957714793244,530957698578425,16666666,530957698682425,530957699687842,530957699720133,530957703313717,530957716596050,3177458,911875,-1,530957716596050,360288004566220877,
0,3437891,530957714793244,530957714793244,0,530957715062467,530957715063175,530957715109633,530957715137050,530957731459910,530957715059675,16666666,530957715142550,530957716609717,530957716732175,530957725858425,530957733800800,5087500,334834,-1,530957733800800,186384400777216,
0,3437893,530957731459910,530957731459910,0,530957731770133,530957731770842,530957731826550,530957731859508,530957748126576,530957731767008,16666666,530957731866675,530957733811550,530957733833550,530957734655425,530957761768425,24366541,315250,-1,530957761768425,0,
0,3437895,530957748126576,530957748126576,0,530957760423342,530957760424550,530957760476217,530957760779842,530957764793242,530957760420675,16666666,530957760800050,530957761785633,530957762156925,530957764450425,530957772727717,3614167,675708,-1,530957772727717,72903303180256542,
0,3437897,530957764793242,530957764793242,0,530957765655842,530957765656217,530957765691675,530957765714467,530957781459908,530957765653425,16666666,530957765717883,530957772740925,530957772783092,530957774742425,530957786419175,6026916,1673291,-1,530957786419175,0,
0,3437899,530957781459908,530957781459908,0,530957782897967,530957782898550,530957782960925,530957782988508,530957798126574,530957782894758,16666666,530957782993342,530957786430050,530957786451050,530957787843883,530957810609508,21451125,577292,-1,530957810609508,72057628414509156,
0,3437901,530957798126574,530957798126574,0,530957809504092,530957809504717,530957809562008,530957809586967,530957814793240,530957809501550,16666666,530957809590633,530957810627175,530957810661883,530957819740300,530957822009550,1875,342958,-1,530957822009550,0,
0,3437903,530957814793240,530957814793240,0,530957815301592,530957815302258,530957815360008,530957815387217,530957831459906,530957815299383,16666666,530957815391967,530957822023175,530957822048592,530957823488800,530957833398008,4392042,318000,-1,530957833398008,0,
0,3437905,530957831459906,530957831459906,0,530957831966008,530957831966758,530957832142300,530957832183633,530957848126572,530957831963342,16666666,530957832188425,530957833409883,530957833445092,530957835986842,530957850050425,6248791,627792,-1,530957850050425,72903303180256353,
0,3437907,530957848126572,530957848126572,0,530957848600217,530957848600842,530957848652383,530957848675842,530957864793238,530957848598008,16666666,530957848680008,530957850059633,530957850083342,530957851231342,530957872285508,14784375,504709,-1,530957872285508,0,
0,3437909,530957864793238,530957864793238,0,530957867365508,530957867366592,530957867446508,530957867477050,530957881459904,530957867362508,16666666,530957867482550,530957872301925,530957872324383,530957900582425,530957906939133,2375,582875,-1,530957906939133,72057628414509180,
0,3437911,530957881459904,530957898126570,0,530957904833175,530957904833925,530957904961800,530957904995300,530957898126570,530957904829925,16666666,530957905002842,530957906954092,530957906982592,530957923230592,530957930407258,3834,467334,-1,530957930407258,188218351812608,
0,3437913,530957914793236,530957914793236,0,530957916719842,530957916720717,530957917019883,530957917052217,530957931459902,530957916716883,16666666,530957917059133,530957930431258,530957930482342,530957931950633,530957934348717,1072042,645834,-1,530957934348717,0,
0,3437915,530957931459902,530957931459902,0,530957932128425,530957932128967,530957932174508,530957932197800,530957948126568,530957932126508,16666666,530957932201633,530957934363217,530957934399175,530957940338592,530957950543508,9183209,361125,-1,530957950543508,72903303180256065,
0,3437917,530957948126568,530957948126568,0,530957948509050,530957948509883,530957948572883,530957948600800,530957964793234,530957948506592,16666666,530957948606092,530957950556800,530957950589425,530957990915300,530957995362550,855834,2113500,-1,530957995362550,0,
0,3437919,530957964793234,530957981459900,0,530957990682800,530957990683550,530957990751092,530957990789592,530957981459900,530957990679925,16666666,530957990796008,530957995374092,530957995398258,530958017132967,530958045325258,8594375,11598625,-1,530958045325258,72057628414509204,
0,3437922,530957998126566,530957998126566,0,530958000434258,530958000435175,530958000494258,530958000537633,530958014793232,530958000431842,16666666,530958000543300,530958045344758,530958045508800,530958047173175,530958082445883,14479584,626125,-1,530958082445883,0,
0,3437923,530958014793232,530958031459898,0,530958045976383,530958045976550,530958046026300,530958046050008,530958031459898,530958045975342,16666666,530958046054217,530958082461758,530958082511217,530958083369467,530958093397217,80708,962334,-1,530958093397217,0,
0,3437926,530958048132113,530958081465445,0,530958082627883,530958082628300,530958082694300,530958082729925,530958064798779,530958082626675,16666666,530958082735550,530958093411050,530958093455467,530958097794717,530958120279342,17913334,347583,-1,530958120279342,72904454231819719,
0,3437930,530958098126562,530958098126562,0,530958099085383,530958099086092,530958099228467,530958099261675,530958114793228,530958099082925,16666666,530958099267717,530958120296300,530958120318967,530958125889842,530958134973509,5251709,894667,-1,530958134973509,0,
0,3437932,530958114793228,530958114793228,0,530958120728634,530958120728759,530958120768217,530958120791009,530958131459894,530958120727884,16666666,530958120794509,530958134990467,530958135039634,530958147516509,530958153727967,2709,2058583,-1,530958153727967,1297036727059284626,
0,3437934,530958131459894,530958131459894,0,530958136402259,530958136402509,530958136478342,530958136502634,530958148126560,530958136400550,16666666,530958136506092,530958153746550,530958153789634,530958155534092,530958167653800,8160375,380875,-1,530958167653800,488866062532608,
0,3437935,530958148126560,530958148126560,0,530958153920800,530958153921509,530958154042092,530958154065050,530958164793226,530958153917884,16666666,530958154069592,530958167671925,530958167768134,530958169203717,530958184285967,10690959,563334,-1,530958184285967,0,
0,3437937,530958164793226,530958164793226,0,530958168497300,530958168497509,530958168571509,530958168982092,530958181459892,530958168496175,16666666,530958168988092,530958184299384,530958184340675,530958194641925,530958202602217,3167,366750,-1,530958202602217,72903303180255638,
0,3437939,530958181459892,530958181459892,0,530958184585509,530958184585675,530958184650509,530958184678675,530958198126558,530958184584550,16666666,530958184683342,530958202626009,530958202660550,530958203612425,530958219898842,12152958,341042,-1,530958219898842,0,
0,3437941,530958198126558,530958198126558,0,530958203645509,530958203645967,530958212173425,530958212368300,530958214793224,530958203643800,16666666,530958212377175,530958219912342,530958219937425,530958222731009,530958234836884,8215792,450583,-1,530958234836884,72057628414509784,
0,3437943,530958214793224,530958214793224,0,530958220579884,530958220580217,530958220764259,530958220930884,530958231459890,530958220578467,16666666,530958220937675,530958235041300,530958235069467,530958238854009,530958253378425,12473000,460917,-1,530958253378425,0,
0,3437945,530958231459890,530958231459890,0,530958235225800,530958235225967,530958235599259,530958235632259,530958248126556,530958235224509,16666666,530958235638259,530958253393634,530958253431842,530958259316634,530958268231634,3625,643417,-1,530958268231634,0,
0,3437947,530958248126556,530958248126556,0,530958253616717,530958253617134,530958253703092,530958253735592,530958264793222,530958253615467,16666666,530958253741800,530958268251175,530958268347092,530958271647675,530958283318884,2494334,1152750,-1,530958283318884,72903303180255644,
0,3437949,530958264793222,530958264793222,0,530958268461259,530958268461509,530958268630634,530958268664509,530958281459888,530958268459384,16666666,530958268670884,530958283337425,530958283364967,530958289493925,530958299918675,9184833,416833,-1,530958299918675,0,
0,3437951,530958281459888,530958281459888,0,530958283571967,530958283572175,530958283635134,530958283663592,530958298126554,530958283571009,16666666,530958283669300,530958299962884,530958300505009,530958306518009,530958322257800,14839000,353250,-1,530958322257800,72057628414509838,
0,3437953,530958298126554,530958298126554,0,530958300588634,530958300588800,530958300645342,530958300671675,530958314793220,530958300588050,16666666,530958300675550,530958322269634,530958322298342,530958348547050,530958359294592,4541,2028333,-1,530958359294592,0,
0,3437955,530958314793220,530958314793220,0,530958322511050,530958322511217,530958322550925,530958322573800,530958331459886,530958322510092,16666666,530958322577259,530958359310842,530958359450967,530958366140717,530958370601550,160542,310875,-1,530958370601550,0,
0,3437957,530958331459886,530958348126552,0,530958360280800,530958360281092,530958360351800,530958360381509,530958348126552,530958360279467,16666666,530958360386967,530958370615342,530958370669175,530958390084259,530958401563592,3083,1309291,-1,530958401563592,72904454231818983,
0,3437960,530958364793218,530958364793218,0,530958370780592,530958370780800,530958370860342,530958370903925,530958381459884,530958370779759,16666666,530958370909134,530958401576092,530958401601425,530958404623009,530958423291759,16011167,1097583,-1,530958423291759,0,
0,3437962,530958381459884,530958398126550,0,530958402142967,530958402143134,530958402275300,530958402305092,530958398126550,530958402142009,16666666,530958402310384,530958423302842,530958423328217,530958447071467,530958453297134,2875,206708,-1,530958453297134,72057628414509909,
0,3437965,530958414793216,530958414793216,0,530958426471800,530958426472425,530958426560509,530958426593175,530958431459882,530958426468634,16666666,530958426598842,530958453308592,530958453326342,530958467122342,530958501990009,28518917,240625,-1,530958501990009,0,
0,3437967,530958431459882,530958448126548,0,530958462783342,530958462783884,530958465371092,530958465408425,530958448126548,530958462781550,16666666,530958465415967,530958502012634,530958502420509,530958506498592,530958516108675,4906750,495334,-1,530958516108675,0,
0,3437973,530958464793214,530958498126546,0,530958502307217,530958502307509,530958502374842,530958502410717,530958481459880,530958502305634,16666666,530958502415884,530958516122884,530958516473550,530958520805967,530958527446342,2772958,1000333,-1,530958527446342,72904454214537217,
0,3437979,530958514793212,530958514793212,0,530958516389217,530958516389467,530958516438717,530958516466092,530958531459878,530958516388425,16666666,530958516470384,530958527466467,530958527757467,530958533961259,530958544200217,1438250,196292,-1,530958544200217,0,
0,3437982,530958531459878,530958531459878,0,530958533262092,530958533262842,530958533722550,530958533762175,530958548126544,530958533259259,16666666,530958533768967,530958544209675,530958544252800,530958551146759,530958562793217,4737959,529833,-1,530958562793217,72057628414509975,
0,3437985,530958548126544,530958548126544,0,530958556921009,530958556921925,530958557077050,530958557124009,530958564793210,530958556917884,16666666,530958557136217,530958562804925,530958562829717,530958569775467,530958586645884,6792042,250584,-1,530958586645884,0,
0,3437987,530958564793210,530958564793210,0,530958567534592,530958567535550,530958567627759,530958567671717,530958581459876,530958567530092,16666666,530958567678634,530958586684842,530958591124050,530958603663509,530958609389050,2750,1653625,-1,530958609389050,0,
0,3437989,530958581459876,530958581459876,0,530958586797342,530958586797634,530958586861259,530958591106342,530958598126542,530958586796217,16666666,530958591114092,530958609402384,530958609437009,530958627392092,530958634664800,31916,1034791,-1,530958634664800,72902040442896384,
0,3437990,530958598126542,530958598126542,0,530958609776342,530958609776717,530958610046009,530958610078509,530958614793208,530958609775300,16666666,530958610084425,530958634704259,530958635003217,530958639242134,530958653869050,11809791,1723208,-1,530958653869050,0,
0,3437992,530958614793208,530958631459874,0,530958635631175,530958635631509,530958635715842,530958635757800,530958631459874,530958635629759,16666666,530958635763175,530958653883134,530958653923217,530958658176717,530958678451259,8629042,587667,-1,530958678451259,72057628414510129,
0,3437995,530958648126540,530958648126540,0,530958657289009,530958657289134,530958660132425,530958660520134,530958664793206,530958657288009,16666666,530958660527842,530958678461884,530958678477134,530958683625134,530958728804675,20143000,1223458,-1,530958728804675,0,
0,3437997,530958664793206,530958681459872,0,530958682582175,530958682583009,530958683707509,530958683795425,530958681459872,530958682580509,16666666,530958683801884,530958728827925,530958728849967,530958740894217,530958776094009,18354500,3157916,-1,530958776094009,0,
0,3438001,530958714793204,530958731459870,0,530958733269009,530958733269175,530958733358342,530958733389717,530958731459870,530958733267925,16666666,530958733399967,530958776115842,530958776138675,530958786407842,530958796579967,5373541,756917,-1,530958796579967,72904454231687180,
0,3438003,530958748126536,530958781459868,0,530958784956592,530958784956925,530958785049509,530958786174759,530958764793202,530958784955217,16666666,530958786183425,530958796593300,530958796610384,530958807893550,530958851457426,9706416,28943917,-1,530958851457426,0,
0,3438007,530958798132082,530958798132082,0,530958803607675,530958803608259,530958803654675,530958803684759,530958814798748,530958803604842,16666666,530958803689217,530958851479926,530958851524509,530958873592634,530958881932884,4541,5081708,-1,530958881932884,144115222452438157,
0,3438009,530958814793200,530958848126532,0,530958851837426,530958851837551,530958851889967,530958851912842,530958831459866,530958851836717,16666666,530958851916217,530958881948384,530958882154342,530958903363634,530958938672301,12993167,206250,-1,530958938672301,0,
0,3438011,530958864793198,530958881459864,0,530958882046676,530958882046884,530958882105176,530958882133384,530958881459864,530958882045634,16666666,530958882138009,530958938686301,530958939099426,530958980161717,530958986294301,2375,287625,-1,530958986294301,0,
0,3438012,530958881459864,530958931459862,0,530958938764467,530958938764592,530958938804467,530958938840759,530958898126530,530958938763717,16666666,530958938847176,530958986308342,530958986650509,530958986859676,530959053050634,64773125,268292,-1,530959053050634,72902040460198836,
0,3438016,530958964793194,530958981459860,0,530958987651259,530958987651801,530958987800509,530958987859426,530958981459860,530958987649301,16666666,530958987865134,530959053085217,530959054562301,530959064194676,530959068140342,3583,401625,-1,530959068140342,0,
0,3438100,530959731459830,530959731459830,0,530959737193176,530959737193551,530959737477634,530959742038843,530959748126496,530959737191551,16666666,530959742195718,530959759542343,530959759674926,530959770329759,530959775187509,3584,486833,-1,530959775187509,72057628414510418,
0,3438103,530959748126496,530959748126496,0,530959762168759,530959762168843,530959765707968,530959778153468,530959764793162,530959762167926,16666666,530959778212884,530959781221759,530959781247009,530959783737301,530959796137884,1583,701958,-1,530959796137884,0,
0,3438109,530959781459828,530959781459828,0,530959782158009,530959782158426,530959782291301,530959797327301,530959798126494,530959782157093,16666666,530959797384634,530959816121634,530959816146343,530959816606384,530959817645009,2083,231667,-1,530959817645009,0,
0,3438111,530959798126494,530959814793160,0,530959816262968,530959816263259,530959816498884,530959817807843,530959814793160,530959816262051,16666666,530959817845426,530959839796593,530959839862426,530959840540343,530959843430426,3875,265458,-1,530959843430426,72904454214516736,
0,3438114,530959831459826,530959831459826,0,530959840302384,530959840302843,530959840473884,530959843667509,530959848126492,530959840301009,16666666,530959843719384,530959854038593,530959854118593,530959854713093,530959858955343,2042,288916,-1,530959858955343,0,
0,3438116,530959848126492,530959848126492,0,530959854268551,530959854268759,530959854558718,530959859209301,530959864793158,530959854267593,16666666,530959859266468,530959874183843,530959874257759,530959874988426,530959876702009,2708,358125,-1,530959876702009,72057628415623209,
0,3438118,530959864793158,530959864793158,0,530959874414968,530959874415176,530959874629676,530959876933843,530959881459824,530959874414009,16666666,530959876982509,530959886140051,530959886179051,530959888247176,530959891856676,6750,402791,-1,530959891856676,0,
---PROFILEDATA---


	NotificationShade/android.view.ViewRootImpl@2ea7bdd (visibility=4)
Window: NotificationShade
Stats since: 6448453793ns
Total frames rendered: 0
Janky frames: 0 (0.00%)
Janky frames (legacy): 0 (0.00%)
50th percentile: 4950ms
90th percentile: 4950ms
95th percentile: 4950ms
99th percentile: 4950ms
Number Missed Vsync: 0
Number High input latency: 0
Number Slow UI thread: 0
Number Slow bitmap uploads: 0
Number Slow issue draw commands: 0
Number Frame deadline missed: 0
Number Frame deadline missed (legacy): 0
HISTOGRAM: 5ms=0 6ms=0 7ms=0 8ms=0 9ms=0 10ms=0 11ms=0 12ms=0 13ms=0 14ms=0 15ms=0 16ms=0 17ms=0 18ms=0 19ms=0 20ms=0 21ms=0 22ms=0 23ms=0 24ms=0 25ms=0 26ms=0 27ms=0 28ms=0 29ms=0 30ms=0 31ms=0 32ms=0 34ms=0 36ms=0 38ms=0 40ms=0 42ms=0 44ms=0 46ms=0 48ms=0 53ms=0 57ms=0 61ms=0 65ms=0 69ms=0 73ms=0 77ms=0 81ms=0 85ms=0 89ms=0 93ms=0 97ms=0 101ms=0 105ms=0 109ms=0 113ms=0 117ms=0 121ms=0 125ms=0 129ms=0 133ms=0 150ms=0 200ms=0 250ms=0 300ms=0 350ms=0 400ms=0 450ms=0 500ms=0 550ms=0 600ms=0 650ms=0 700ms=0 750ms=0 800ms=0 850ms=0 900ms=0 950ms=0 1000ms=0 1050ms=0 1100ms=0 1150ms=0 1200ms=0 1250ms=0 1300ms=0 1350ms=0 1400ms=0 1450ms=0 1500ms=0 1550ms=0 1600ms=0 1650ms=0 1700ms=0 1750ms=0 1800ms=0 1850ms=0 1900ms=0 1950ms=0 2000ms=0 2050ms=0 2100ms=0 2150ms=0 2200ms=0 2250ms=0 2300ms=0 2350ms=0 2400ms=0 2450ms=0 2500ms=0 2550ms=0 2600ms=0 2650ms=0 2700ms=0 2750ms=0 2800ms=0 2850ms=0 2900ms=0 2950ms=0 3000ms=0 3050ms=0 3100ms=0 3150ms=0 3200ms=0 3250ms=0 3300ms=0 3350ms=0 3400ms=0 3450ms=0 3500ms=0 3550ms=0 3600ms=0 3650ms=0 3700ms=0 3750ms=0 3800ms=0 3850ms=0 3900ms=0 3950ms=0 4000ms=0 4050ms=0 4100ms=0 4150ms=0 4200ms=0 4250ms=0 4300ms=0 4350ms=0 4400ms=0 4450ms=0 4500ms=0 4550ms=0 4600ms=0 4650ms=0 4700ms=0 4750ms=0 4800ms=0 4850ms=0 4900ms=0 4950ms=0
50th gpu percentile: 4950ms
90th gpu percentile: 4950ms
95th gpu percentile: 4950ms
99th gpu percentile: 4950ms
GPU HISTOGRAM: 1ms=0 2ms=0 3ms=0 4ms=0 5ms=0 6ms=0 7ms=0 8ms=0 9ms=0 10ms=0 11ms=0 12ms=0 13ms=0 14ms=0 15ms=0 16ms=0 17ms=0 18ms=0 19ms=0 20ms=0 21ms=0 22ms=0 23ms=0 24ms=0 25ms=0 4950ms=0


---PROFILEDATA---
Flags,FrameTimelineVsyncId,IntendedVsync,Vsync,InputEventId,HandleInputStart,AnimationStart,PerformTraversalsStart,DrawStart,FrameDeadline,FrameInterval,FrameStartTime,SyncQueued,SyncStart,IssueDrawCommandsStart,SwapBuffers,FrameCompleted,DequeueBufferDuration,QueueBufferDuration,GpuCompleted,SwapBuffersCompleted,DisplayPresentTime,
---PROFILEDATA---


	StatusBar/android.view.ViewRootImpl@9824352 (visibility=0)
Window: StatusBar
Stats since: 6449373460ns
Total frames rendered: 23072
Janky frames: 0 (0.00%)
Janky frames (legacy): 9489 (41.13%)
50th percentile: 14ms
90th percentile: 29ms
95th percentile: 38ms
99th percentile: 69ms
Number Missed Vsync: 0
Number High input latency: 612
Number Slow UI thread: 0
Number Slow bitmap uploads: 0
Number Slow issue draw commands: 0
Number Frame deadline missed: 0
Number Frame deadline missed (legacy): 9086
HISTOGRAM: 5ms=4009 6ms=1316 7ms=1315 8ms=1173 9ms=861 10ms=738 11ms=690 12ms=646 13ms=771 14ms=791 15ms=743 16ms=755 17ms=1039 18ms=992 19ms=939 20ms=793 21ms=643 22ms=517 23ms=446 24ms=359 25ms=328 26ms=253 27ms=232 28ms=227 29ms=208 30ms=179 31ms=157 32ms=261 34ms=288 36ms=242 38ms=189 40ms=140 42ms=110 44ms=109 46ms=76 48ms=101 53ms=65 57ms=49 61ms=53 65ms=33 69ms=27 73ms=22 77ms=26 81ms=11 85ms=12 89ms=8 93ms=3 97ms=7 101ms=5 105ms=5 109ms=9 113ms=6 117ms=6 121ms=3 125ms=7 129ms=2 133ms=3 150ms=54 200ms=10 250ms=3 300ms=2 350ms=3 400ms=1 450ms=0 500ms=1 550ms=0 600ms=0 650ms=0 700ms=0 750ms=0 800ms=0 850ms=0 900ms=0 950ms=0 1000ms=0 1050ms=0 1100ms=0 1150ms=0 1200ms=0 1250ms=0 1300ms=0 1350ms=0 1400ms=0 1450ms=0 1500ms=0 1550ms=0 1600ms=0 1650ms=0 1700ms=0 1750ms=0 1800ms=0 1850ms=0 1900ms=0 1950ms=0 2000ms=0 2050ms=0 2100ms=0 2150ms=0 2200ms=0 2250ms=0 2300ms=0 2350ms=0 2400ms=0 2450ms=0 2500ms=0 2550ms=0 2600ms=0 2650ms=0 2700ms=0 2750ms=0 2800ms=0 2850ms=0 2900ms=0 2950ms=0 3000ms=0 3050ms=0 3100ms=0 3150ms=0 3200ms=0 3250ms=0 3300ms=0 3350ms=0 3400ms=0 3450ms=0 3500ms=0 3550ms=0 3600ms=0 3650ms=0 3700ms=0 3750ms=0 3800ms=0 3850ms=0 3900ms=0 3950ms=0 4000ms=0 4050ms=0 4100ms=0 4150ms=0 4200ms=0 4250ms=0 4300ms=0 4350ms=0 4400ms=0 4450ms=0 4500ms=0 4550ms=0 4600ms=0 4650ms=0 4700ms=0 4750ms=0 4800ms=0 4850ms=0 4900ms=0 4950ms=0
50th gpu percentile: 4950ms
90th gpu percentile: 4950ms
95th gpu percentile: 4950ms
99th gpu percentile: 4950ms
GPU HISTOGRAM: 1ms=0 2ms=0 3ms=0 4ms=0 5ms=0 6ms=0 7ms=0 8ms=0 9ms=0 10ms=0 11ms=0 12ms=0 13ms=0 14ms=0 15ms=0 16ms=0 17ms=0 18ms=0 19ms=0 20ms=0 21ms=0 22ms=0 23ms=0 24ms=0 25ms=0 4950ms=0


---PROFILEDATA---
Flags,FrameTimelineVsyncId,IntendedVsync,Vsync,InputEventId,HandleInputStart,AnimationStart,PerformTraversalsStart,DrawStart,FrameDeadline,FrameInterval,FrameStartTime,SyncQueued,SyncStart,IssueDrawCommandsStart,SwapBuffers,FrameCompleted,DequeueBufferDuration,QueueBufferDuration,GpuCompleted,SwapBuffersCompleted,DisplayPresentTime,
0,3439957,541291847713212,541291847713212,0,541291847881956,541291847882539,541291847882664,541291847990206,541291864379878,541291847879789,16666666,541291848108914,541291848157998,541291848179581,541291848374123,541291852568456,2125,237458,-1,541291852568456,0,
0,3439961,541300031046218,541300031046218,0,541300032255085,541300032255501,541300032255626,541300032335876,541300047712884,541300032245085,16666666,541300032514793,541300032569585,541300032669585,541300033441668,541300042275168,14167,799333,-1,541300042275168,0,
0,3439964,541333864378198,541333864378198,0,541333865215642,541333865216642,541333865216725,541333865932267,541333881044864,541333865200767,16666666,541333866114934,541333866194809,541333866309725,541333867169725,541333885198017,5750,2285416,-1,541333885198017,0,
0,3439969,541340047711284,541340047711284,0,541340047944728,541340047945062,541340047945187,541340047964770,541340064377950,541340047943020,16666666,541340048083562,541340048161437,541340048209478,541340048571603,541340053077937,6583,339584,-1,541340053077937,0,
0,3439972,541363714377004,541363714377004,0,541363719057031,541363719057698,541363719057823,541363719402156,541363731043670,541363719045948,16666666,541363719607448,541363719680448,541363719824948,541363720708531,541363729641573,2667,630084,-1,541363729641573,0,
0,3439976,541381397709630,541381397709630,0,541381401717455,541381401718122,541381401718205,541381413703164,541381414376296,541381401711414,16666666,541381414370414,541381414388747,541381414452205,541381417866289,541381458551539,8333,4229125,-1,541381458551539,0,
0,3439981,541419181041452,541419181041452,0,541419182178515,541419182179890,541419182180098,541419183634473,541419197708118,541419182139057,16666666,541419184316015,541419184471682,541419185524265,541419193179348,541419211551682,19416,1240125,-1,541419211551682,0,
0,3439985,541440114373948,541440114373948,0,541440116188108,541440116189525,541440116189858,541440116229108,541440131040614,541440116183858,16666666,541440116509483,541440116706692,541440116867858,541440117642567,541440134344733,5334,1302750,-1,541440134344733,0,
0,3439988,541479164372386,541479164372386,0,541479165776335,541479165778252,541479165778835,541479166388210,541479181039052,541479165763169,16666666,541479166711252,541479166935502,541479167047085,541479168853877,541479182840460,5541,674500,-1,541479182840460,0,
0,3439992,541480114372348,541480114372348,0,541480115382627,541480115384127,541480115384377,541480115427336,541480131039014,541480115378252,16666666,541480115571211,541480115752169,541480115987669,541480117095211,541480120657127,7333,1029000,-1,541480120657127,0,
0,3439995,541520131037414,541520131037414,0,541520132738021,541520132739938,541520132740271,541520132790021,541520147704080,541520132732730,16666666,541520132910605,541520133079646,541520133294688,541520134074688,541520154986063,5208,794625,-1,541520154986063,0,
0,3439998,541539164369986,541539164369986,0,541539165186614,541539165187739,541539165187947,541539165569072,541539181036652,541539165182572,16666666,541539165932447,541539166039489,541539166119864,541539166823572,541539179615322,4750,748917,-1,541539179615322,0,
0,3440002,541599164367586,541599164367586,0,541599165949226,541599165950726,541599165950934,541599167034851,541599181034252,541599165925142,16666666,541599167624476,541599167789017,541599168133934,541599171169267,541599186669351,8667,862917,-1,541599186669351,0,
0,3440006,541620147700080,541620147700080,0,541620148538361,541620148539069,541620148539236,541620148560736,541620164366746,541620148535902,16666666,541620148659361,541620148727319,541620148781111,541620149597361,541620162779277,2541,555167,-1,541620162779277,0,
0,3440009,541659181031852,541659181031852,0,541659181591921,541659181593129,541659181593296,541659182731588,541659197698518,541659181568338,16666666,541659183142171,541659183308879,541659183522254,541659186241838,541659213190088,7833,1587167,-1,541659213190088,0,
0,3440013,541660164365146,541660164365146,0,541660165020713,541660165022047,541660165022463,541660165059963,541660181031812,541660165016838,16666666,541660165205880,541660165375380,541660165525505,541660166256797,541660170145963,5708,1035375,-1,541660170145963,0,
0,3440016,541700181030212,541700181030212,0,541700182129399,541700182131107,541700182131482,541700182176107,541700197696878,541700182125607,16666666,541700182409607,541700182573316,541700182719399,541700183548441,541700211479941,4541,1051125,-1,541700211479941,0,
0,3440019,541719164362786,541719164362786,0,541719164839450,541719164840158,541719164840325,541719164997450,541719181029452,541719164837658,16666666,541719165082741,541719165157783,541719165195325,541719165557450,541719171979741,3167,443333,-1,541719171979741,0,
0,3440023,541779164360386,541779164360386,0,541779166152145,541779166153812,541779166154187,541779166582062,541779181027052,541779166136437,16666666,541779166770478,541779166945187,541779167100062,541779168327978,541779182696853,4375,621042,-1,541779182696853,0,
0,3440027,541800197692878,541800197692878,0,541800199003572,541800199004697,541800199004863,541800199040030,541800214359544,541800199000447,16666666,541800199150280,541800199229572,541800199317738,541800199892572,541800224799197,3333,589750,-1,541800224799197,0,
0,3440030,541839164357986,541839164357986,0,541839165354090,541839165355465,541839165355840,541839165673090,541839181024652,541839165350174,16666666,541839165830215,541839165986674,541839166065590,541839166814257,541839179587965,4750,544291,-1,541839179587965,0,
0,3440034,541840214357944,541840214357944,0,541840217752924,541840217754424,541840217754799,541840217793591,541840231024610,541840217748174,16666666,541840217911341,541840218025007,541840218092299,541840218562007,541840221064549,3250,590833,-1,541840221064549,0,
0,3440041,541880231023010,541880231023010,0,541880232356318,541880232358151,541880232358776,541880232629151,541880247689676,541880232321401,16666666,541880233212985,541880233462818,541880233864276,541880235942860,541880258243818,6833,983375,-1,541880258243818,0,
0,3440044,541899164355586,541899164355586,0,541899165195244,541899165196452,541899165196786,541899166327661,541899181022252,541899165191786,16666666,541899166935119,541899167137286,541899167236702,541899168794702,541899189062952,7291,807625,-1,541899189062952,0,
0,3440048,541959164353186,541959164353186,0,541959165082772,541959165084356,541959165084772,541959165589147,541959181019852,541959165073481,16666666,541959165869897,541959166306106,541959166995647,541959169056731,541959186498522,10792,1046125,-1,541959186498522,0,
0,3440052,541980247685676,541980247685676,0,541980248348533,541980248349491,541980248349658,541980248378991,541980264352342,541980248345574,16666666,541980248539658,541980248623908,541980248695199,541980249495533,541980270992241,4917,671541,-1,541980270992241,0,
0,3440055,542019164350786,542019164350786,0,542019165596468,542019165598093,542019165598551,542019166544009,542019181017452,542019165560843,16666666,542019167161301,542019167443301,542019167881801,542019171303551,542019193680551,10166,1200500,-1,542019193680551,0,
0,3440059,542020264350742,542020264350742,0,542020266698302,542020266699635,542020266700052,542020266740385,542020281017408,542020266694052,16666666,542020266884677,542020267069302,542020267193718,542020268237135,542020276894593,4667,820459,-1,542020276894593,0,
0,3440062,542060297682474,542060297682474,0,542060302769529,542060302771112,542060302771571,542060302814362,542060314349140,542060302765404,16666666,542060302915862,542060303102571,542060303237029,542060304217279,542060323368654,4042,1160917,-1,542060323368654,0,
0,3440065,542079164348386,542079164348386,0,542079167424080,542079167425955,542079167426413,542079168686038,542079181015052,542079167419163,16666666,542079169142621,542079169344121,542079169473496,542079171043538,542079186903038,4584,522375,-1,542079186903038,0,
0,3440069,542139164345986,542139164345986,0,542139165310692,542139165312525,542139165313067,542139165697150,542139181012652,542139165305733,16666666,542139165894983,542139166106150,542139166205192,542139167122525,542139191553150,5500,699333,-1,542139191553150,0,
0,3440073,542160364345138,542160364345138,0,542160369062327,542160369064910,542160369065368,542160369126035,542160381011804,542160369055452,16666666,542160369305285,542160369502993,542160369604535,542160370757743,542160386745077,6250,790625,-1,542160386745077,0,
0,3440076,542199164343586,542199164343586,0,542199166837720,542199166839179,542199166839637,542199167197887,542199181010252,542199166833470,16666666,542199167408595,542199167634095,542199167834637,542199169001054,542199183779762,4708,655542,-1,542199183779762,0,
0,3440080,542200381010204,542200381010204,0,542200382916429,542200382918179,542200382918512,542200382967471,542200397676870,542200382911971,16666666,542200383080721,542200383244721,542200383334512,542200384200096,542200388924846,7375,1255333,-1,542200388924846,0,
0,3440083,542240397675270,542240397675270,0,542240399888990,542240399890365,542240399890740,542240399935907,542240414341936,542240399884948,16666666,542240400127740,542240400280782,542240400366782,542240401082948,542240416570990,5917,1157750,-1,542240416570990,0,
0,3440086,542259181007852,542259181007852,0,542259188744082,542259188745374,542259188745791,542259189078041,542259197674518,542259188739666,16666666,542259189250874,542259189569291,542259189677832,542259191836791,542259200323666,3208,451541,-1,542259200323666,0,
0,3440090,542319164338786,542319164338786,0,542319165442902,542319165444319,542319165444861,542319167188611,542319181005452,542319165385152,16666666,542319168434027,542319168699236,542319169365861,542319174698027,542319189028402,30417,1483875,-1,542319189028402,0,
0,3440094,542340447671268,542340447671268,0,542340450535954,542340450536746,542340450536913,542340450559329,542340464337934,542340450533288,16666666,542340450719163,542340450820246,542340450895621,542340451358704,542340459310538,3375,883750,-1,542340459310538,0,
0,3440097,542379164336386,542379164336386,0,542379165013598,542379165015014,542379165015431,542379165505223,542379181003052,542379165009306,16666666,542379165776389,542379165962473,542379166071514,542379166972681,542379182483473,4667,875208,-1,542379182483473,0,
0,3440101,542380464336334,542380464336334,0,542380465502807,542380465504640,542380465505140,542380465561098,542380481003000,542380465496848,16666666,542380465775723,542380465961348,542380466092307,542380467220640,542380480744057,8833,764459,-1,542380480744057,0,
0,3440104,542420481001400,542420481001400,0,542420483142117,542420483143409,542420483143784,542420483182826,542420497668066,542420483138076,16666666,542420483278326,542420483451826,542420483576992,542420484506867,542420501387534,4916,571625,-1,542420501387534,0,
0,3440107,542439164333986,542439164333986,0,542439165193126,542439165194585,542439165195001,542439165537335,542439181000652,542439165189168,16666666,542439165711168,542439165899210,542439165994335,542439166782751,542439182788460,4750,652959,-1,542439182788460,0,
0,3440115,542499164331586,542499164331586,0,542499167208613,542499167210197,542499167210530,542499167531947,542499180998252,542499167204447,16666666,542499167713863,542499167938863,542499168546572,542499169618822,542499187656280,3958,632959,-1,542499187656280,0,
0,3440119,542520497664066,542520497664066,0,542520498702207,542520498703373,542520498703623,542520498737915,542520514330732,542520498698623,16666666,542520498820082,542520498932582,542520498993873,542520499611332,542520520761457,5625,1887958,-1,542520520761457,0,
0,3440122,542559164329186,542559164329186,0,542559167126809,542559167128309,542559167128934,542559168419850,542559180995852,542559167089892,16666666,542559168835559,542559169094434,542559169577142,542559172828850,542559186777225,8875,1126084,-1,542559186777225,0,
0,3440126,542560514329132,542560514329132,0,542560514784351,542560514785268,542560514785476,542560514809309,542560530995798,542560514781518,16666666,542560514920476,542560515013893,542560515072726,542560515509934,542560522511601,3666,611667,-1,542560522511601,0,
0,3440129,542600514327532,542600514327532,0,542600514907453,542600514908703,542600514908995,542600514948495,542600530994198,542600514904203,16666666,542600515094662,542600515211995,542600515292412,542600516235162,542600532175370,4417,583458,-1,542600532175370,0,
0,3440132,542619164326786,542619164326786,0,542619165372087,542619165373254,542619165373587,542619165718337,542619180993452,542619165368379,16666666,542619165942004,542619166118129,542619166211295,542619167160920,542619195027921,5000,840916,-1,542619195027921,0,
0,3440136,542679164324386,542679164324386,0,542679165809407,542679165810949,542679165811324,542679166253532,542679180991052,542679165803574,16666666,542679166474366,542679166661282,542679166770032,542679167811324,542679182290491,5375,583833,-1,542679182290491,0,
0,3440140,542700547656864,542700547656864,0,542700550411793,542700550413584,542700550413918,542700550670459,542700564323530,542700550373376,16666666,542700551245626,542700551487584,542700551942501,542700555310834,542700575836293,9959,1449292,-1,542700575836293,0,
0,3440143,542739164321986,542739164321986,0,542739165306103,542739165307478,542739165308019,542739166302561,542739180988652,542739165302103,16666666,542739166732811,542739166922144,542739167051269,542739169190686,542739183710561,4917,690292,-1,542739183710561,0,
0,3440147,542740547655264,542740547655264,0,542740549941812,542740549942603,542740549942728,542740549964895,542740564321930,542740549939103,16666666,542740550098478,542740550190520,542740550297562,542740551177812,542740560881145,3334,1063584,-1,542740560881145,0,
0,3440150,542780564320330,542780564320330,0,542780566935956,542780566937622,542780566938081,542780566977206,542780580986996,542780566931831,16666666,542780567072539,542780567248872,542780567331414,542780567884122,542780581608539,5125,960667,-1,542780581608539,0,
0,3440153,542799164319586,542799164319586,0,542799165997173,542799165998506,542799165998881,542799166349423,542799180986252,542799165993381,16666666,542799166573423,542799166765881,542799166900465,542799167928506,542799182079590,6458,720875,-1,542799182079590,0,
0,3440157,542859164317186,542859164317186,0,542859165134868,542859165137202,542859165137827,542859165641243,542859180983852,542859165129160,16666666,542859165894618,542859166053410,542859166168118,542859167300327,542859195000493,4833,744542,-1,542859195000493,0,
0,3440161,542880597649662,542880597649662,0,542880599876045,542880599877587,542880599878003,542880600213878,542880614316328,542880599836212,16666666,542880600795712,542880601025170,542880601379087,542880606296170,542880632698129,9750,1061125,-1,542880632698129,0,
0,3440164,542919180981452,542919180981452,0,542919183025647,542919183027189,542919183027522,542919184803772,542919197648118,542919183021480,16666666,542919185385897,542919185592980,542919185695147,542919186759397,542919202903772,9000,792750,-1,542919202903772,0,
0,3440168,542920597648062,542920597648062,0,542920598259606,542920598260898,542920598261106,542920598292314,542920614314728,542920598256981,16666666,542920598427064,542920598539689,542920598639314,542920599344064,542920609212064,4500,560750,-1,542920609212064,0,
0,3440171,542960614313128,542960614313128,0,542960615976958,542960615978458,542960615978917,542960616268250,542960630979794,542960615972750,16666666,542960616362958,542960616534125,542960616638958,542960617483792,542960630065333,2417,473167,-1,542960630065333,0,
0,3440174,542979164312386,542979164312386,0,542979165873509,542979165875134,542979165875592,542979166308467,542979180979052,542979165868800,16666666,542979166483092,542979166677342,542979166821134,542979167776884,542979182653592,5041,549583,-1,542979182653592,0,
0,3440178,543039164309986,543039164309986,0,543039165556287,543039165557704,543039165558162,543039165969329,543039180976652,543039165551579,16666666,543039166288454,543039166485829,543039166599746,543039167490204,543039193844246,2375,541541,-1,543039193844246,0,
0,3440186,543060647642460,543060647642460,0,543060649286298,543060649288006,543060649288423,543060649341256,543060664309126,543060649281214,16666666,543060649465131,543060649672839,543060649778006,543060650689631,543060667535089,12125,583584,-1,543060667535089,0,
0,3440189,543099164307586,543099164307586,0,543099166768691,543099166770233,543099166770608,543099167133483,543099180974252,543099166763774,16666666,543099167429858,543099167942983,543099168519774,543099169801691,543099184487483,7042,617250,-1,543099184487483,0,
0,3440193,543100647640860,543100647640860,0,543100648535775,543100648537442,543100648537817,543100648585150,543100664307526,543100648531317,16666666,543100648697858,543100648854233,543100648943733,543100649760775,543100659168442,5167,748125,-1,543100659168442,0,
0,3440196,543140664305926,543140664305926,0,543140665042377,543140665043627,543140665043961,543140665078627,543140680972592,543140665038627,16666666,543140665176169,543140665327461,543140665402377,543140666078461,543140679336253,4875,684792,-1,543140679336253,0,
0,3440199,543159164305186,543159164305186,0,543159165843095,543159165844720,543159165845136,543159166378178,543159180971852,543159165838470,16666666,543159166647928,543159166861803,543159167009970,543159168830011,543159197470053,8584,4847208,-1,543159197470053,0,
0,3440203,543219164302786,543219164302786,0,543219165157873,543219165160498,543219165160832,543219166207915,543219180969452,543219165132332,16666666,543219166796123,543219166954207,543219167295040,543219169809540,543219192974040,11291,3054500,-1,543219192974040,0,
0,3440207,543240697635258,543240697635258,0,543240699499217,543240699500300,543240699500550,543240699534300,543240714301924,543240699495717,16666666,543240699676925,543240699748675,543240699832550,543240700418884,543240712451259,4459,845000,-1,543240712451259,0,
0,3440210,543279164300386,543279164300386,0,543279165370694,543279165372194,543279165372735,543279165729069,543279180967052,543279165366819,16666666,543279165874652,543279166054777,543279166143444,543279166938860,543279180576235,5791,763459,-1,543279180576235,0,
0,3440214,543280714300324,543280714300324,0,543280717683736,543280717684944,543280717685111,543280717720153,543280730966990,543280717679236,16666666,543280717822319,543280717904694,543280717966403,543280718664194,543280728862361,5041,942959,-1,543280728862361,0,
0,3440217,543320714298724,543320714298724,0,543320715427797,543320715429130,543320715429255,543320715470630,543320730965390,543320715423130,16666666,543320715587713,543320715699963,543320715778588,543320716542797,543320726891672,2750,449250,-1,543320726891672,0,
0,3440220,543339164297986,543339164297986,0,543339165085930,543339165087389,543339165087930,543339165424139,543339180964652,543339165076639,16666666,543339165586680,543339165751180,543339165839514,543339166650389,543339181873430,4791,1072459,-1,543339181873430,0,
0,3440224,543399164295586,543399164295586,0,543399165866001,543399165867334,543399165867792,543399166241584,543399180962252,543399165861501,16666666,543399166406959,543399166567167,543399166658584,543399167473876,543399182862126,4166,681625,-1,543399182862126,0,
0,3440228,543420730961390,543420730961390,0,543420731426386,543420731427386,543420731427553,543420731457469,543420747628056,543420731422719,16666666,543420731530594,543420731625469,543420731669178,543420732274011,543420744079469,3875,716250,-1,543420744079469,0,
0,3440231,543459164293186,543459164293186,0,543459165284029,543459165285238,543459165285654,543459165581904,543459180959852,543459165280196,16666666,543459165785363,543459165949696,543459166077404,543459166918279,543459182456988,5542,615833,-1,543459182456988,0,
0,3440235,543460747626456,543460747626456,0,543460749158822,543460749160197,543460749160363,543460749195072,543460764293122,543460749155572,16666666,543460749298572,543460749380113,543460749439988,543460750086447,543460759434113,10250,1133125,-1,543460759434113,0,
0,3440238,543500764291522,543500764291522,0,543500766160466,543500766161758,543500766162133,543500766199341,543500780958188,543500766156924,16666666,543500766286716,543500766428716,543500766505299,543500767233674,543500783243549,4667,638208,-1,543500783243549,0,
0,3440241,543519164290786,543519164290786,0,543519165277516,543519165279225,543519165279725,543519165653225,543519180957452,543519165272808,16666666,543519165826766,543519166018141,543519166124058,543519167071766,543519185901933,5166,560375,-1,543519185901933,0,
0,3440245,543579164288386,543579164288386,0,543579165283253,543579165284670,543579165285045,543579165583295,543579180955052,543579165279670,16666666,543579165869545,543579166077545,543579166195628,543579167010753,543579181629128,6750,906708,-1,543579181629128,0,
0,3440249,543600797620854,543600797620854,0,543600799512597,543600799514472,543600799515014,543600799823764,543600814287520,543600799472555,16666666,543600800819764,543600801131014,543600801525639,543600804551430,543600817858722,9375,897542,-1,543600817858722,0,
0,3440252,543639180952652,543639180952652,0,543639185392949,543639185394699,543639185394865,543639185968490,543639197619318,543639185388157,16666666,543639186221407,543639186306157,543639186368782,543639187481657,543639204906074,26375,720875,-1,543639204906074,0,
0,3440256,543640797619254,543640797619254,0,543640798522699,543640798524283,543640798524658,543640798570366,543640814285920,543640798518033,16666666,543640798681116,543640798848033,543640798959908,543640799994699,543640809754033,4333,693334,-1,543640809754033,0,
0,3440263,543680814284320,543680814284320,0,543680814748760,543680814749968,543680814750260,543680814779177,543680830950986,543680814745052,16666666,543680814901593,543680815013677,543680815098802,543680815641385,543680832916343,4791,1228750,-1,543680832916343,0,
0,3440266,543699164283586,543699164283586,0,543699166841394,543699166842727,543699166843144,543699167083644,543699180950252,543699166837435,16666666,543699167156769,543699167221644,543699167257269,543699167577935,543699179945810,4375,670917,-1,543699179945810,0,
0,3440270,543759164281186,543759164281186,0,543759166141131,543759166142339,543759166142714,543759166497881,543759180947852,543759166137464,16666666,543759166693214,543759166917714,543759167025339,543759167882547,543759187826422,3917,696208,-1,543759187826422,0,
0,3440274,543780830946986,543780830946986,0,543780832835724,543780832837474,543780832837891,543780832896558,543780847613652,543780832830016,16666666,543780833061766,543780833241558,543780833367974,543780834486391,543780851258016,5167,556833,-1,543780851258016,0,
0,3440277,543819164278786,543819164278786,0,543819165479118,543819165479993,543819165480159,543819165729618,543819180945452,543819165475826,16666666,543819165923659,543819166112701,543819166213576,543819167571576,543819181802618,5084,902709,-1,543819181802618,0,
0,3440281,543820847612052,543820847612052,0,543820848679660,543820848680869,543820848681202,543820848885785,543820864278718,543820848650327,16666666,543820849356410,543820849517202,543820849845410,543820852081410,543820869385494,16209,1281167,-1,543820869385494,0,
0,3440284,543860847610452,543860847610452,0,543860848117429,543860848118263,543860848118554,543860848143179,543860864277118,543860848114888,16666666,543860848202263,543860848278471,543860848329221,543860848862221,543860859998846,3542,605041,-1,543860859998846,0,
0,3440287,543879164276386,543879164276386,0,543879165376230,543879165377688,543879165378063,543879166417230,543879180943052,543879165372188,16666666,543879166807313,543879166973521,543879167147521,543879168941063,543879190633605,3250,730167,-1,543879190633605,0,
0,3440291,543939164273986,543939164273986,0,543939165683342,543939165684550,543939165684842,543939165979967,543939180940652,543939165679717,16666666,543939166132925,543939166287925,543939166390383,543939167261217,543939205080675,2750,729875,-1,543939205080675,0,
0,3440295,543960880939784,543960880939784,0,543960881500977,543960881501852,543960881502102,543960881534144,543960897606450,543960881497935,16666666,543960881686269,543960881798477,543960881903977,543960882669144,543960897920894,5625,843333,-1,543960897920894,0,
0,3440298,543999164271586,543999164271586,0,543999165224162,543999165225704,543999165226204,543999165621829,543999180938252,543999165219204,16666666,543999165885662,543999166071829,543999166190829,543999167123079,543999186921704,78959,876417,-1,543999186921704,0,
0,3440302,544000897604850,544000897604850,0,544000900215288,544000900217038,544000900217454,544000900270496,544000914271516,544000900209788,16666666,544000900407746,544000900810996,544000900911954,544000901850954,544000915334704,5791,1249458,-1,544000915334704,0,
0,3440305,544040914269916,544040914269916,0,544040916237098,544040916238682,544040916239057,544040916283098,544040930936582,544040916231848,16666666,544040916396682,544040916665973,544040916765973,544040917485098,544040931939515,7250,886167,-1,544040931939515,0,
0,3440308,544059164269186,544059164269186,0,544059166866565,544059166868024,544059166868482,544059167265607,544059180935852,544059166861774,16666666,544059167470024,544059167653024,544059167752232,544059169011024,544059184848440,4833,579666,-1,544059184848440,0,
0,3440312,544119164266786,544119164266786,0,544119165151927,544119165153427,544119165153761,544119166550427,544119180933452,544119165113302,16666666,544119167279427,544119167523886,544119167962427,544119171705594,544119188947302,8041,1001542,-1,544119188947302,0,
0,3440316,544140930932582,544140930932582,0,544140931746104,544140931747563,544140931748021,544140931809354,544140947599248,544140931742021,16666666,544140931931313,544140932112104,544140932225313,544140933027563,544140954329313,3041,545750,-1,544140954329313,0,
0,3440319,544179164264386,544179164264386,0,544179166174081,544179166175373,544179166175748,544179166585498,544179180931052,544179166170373,16666666,544179166807623,544179167001456,544179167113748,544179167990831,544179189541081,4333,818916,-1,544179189541081,0,
0,3440323,544180947597648,544180947597648,0,544180949864207,544180949865582,544180949865999,544180949904499,544180964264314,544180949860415,16666666,544180950090874,544180950249665,544180950373082,544180951095165,544180960634832,6083,1224375,-1,544180960634832,0,
0,3440326,544220964262714,544220964262714,0,544220967837184,544220967838851,544220967839226,544220967883184,544220980929380,544220967832226,16666666,544220967988643,544220968179684,544220968282601,544220968997309,544220982936893,5250,1315084,-1,544220982936893,0,
0,3440329,544239164261986,544239164261986,0,544239167720985,544239167722360,544239167722818,544239168192068,544239180928652,544239167717401,16666666,544239168400818,544239168527693,544239168594985,544239169060360,544239183560318,6625,804000,-1,544239183560318,0,
0,3440337,544299164259586,544299164259586,0,544299166041763,544299166043013,544299166043555,544299166389138,544299180926252,544299166038097,16666666,544299166553638,544299166729597,544299166817930,544299167612680,544299184138805,101833,688708,-1,544299184138805,0,
0,3440341,544320980925380,544320980925380,0,544320981676190,544320981677149,544320981677274,544320981708899,544320997592046,544320981670649,16666666,544320981784982,544320981852690,544320981902482,544320982416024,544321001483190,3458,464291,-1,544321001483190,0,
0,3440344,544359164257186,544359164257186,0,544359165307584,544359165308917,544359165309084,544359165586167,544359180923852,544359165303750,16666666,544359165766834,544359165909542,544359165978417,544359166580042,544359181568542,5583,726500,-1,544359181568542,0,
0,3440348,544360997590446,544360997590446,0,544360998586209,544360998587668,544360998588168,544360998628084,544361014257112,544360998582459,16666666,544360998722126,544360998898376,544360998984168,544360999754043,544361010165251,6916,807167,-1,544361010165251,0,
0,3440351,544400997588846,544400997588846,0,544400999272645,544400999273937,544400999274270,544400999310478,544401014255512,544400999268520,16666666,544400999396812,544400999543520,544400999618978,544401000563895,544401013576895,5958,643917,-1,544401013576895,0,
0,3440354,544419164254786,544419164254786,0,544419164816029,544419164817237,544419164817404,544419165081404,544419180921452,544419164811654,16666666,544419165196737,544419165293070,544419165371362,544419165955612,544419177852029,5709,511625,-1,544419177852029,0,
0,3440358,544479164252386,544479164252386,0,544479165741724,544479165742891,544479165743266,544479166246766,544479180919052,544479165738182,16666666,544479166459099,544479166643974,544479166735599,544479167706891,544479199320224,4833,891542,-1,544479199320224,0,
0,3440362,544501030918178,544501030918178,0,544501032646776,544501032648110,544501032648401,544501032693860,544501047584844,544501032642485,16666666,544501032806485,544501032961026,544501033077776,544501033969985,544501048984151,4583,666792,-1,544501048984151,0,
0,3440365,544539164249986,544539164249986,0,544539177253586,544539177254169,544539177254294,544539177388878,544539180916652,544539177250878,16666666,544539177433836,544539177540586,544539177571169,544539177860544,544539186782669,2458,354916,-1,544539186782669,0,
0,3440369,544541047583244,544541047583244,0,544541051348420,544541051350170,544541051350587,544541051402129,544541064249910,544541051343337,16666666,544541051523420,544541051702920,544541051800629,544541052862754,544541065189129,17916,860959,-1,544541065189129,0,
0,3440372,544581047581644,544581047581644,0,544581049355773,544581049357023,544581049357481,544581049393856,544581064248310,544581049352273,16666666,544581049483106,544581049646689,544581049720731,544581050476398,544581065685231,4708,675750,-1,544581065685231,0,
0,3440375,544599164247586,544599164247586,0,544599165973406,544599165974781,544599165975198,544599166332240,544599180914252,544599165969281,16666666,544599166521531,544599166707823,544599166841948,544599167780740,544599182746740,5833,1108084,-1,544599182746740,0,
0,3440379,544659164245186,544659164245186,0,544659165405810,544659165407102,544659165407518,544659165765185,544659180911852,544659165401643,16666666,544659165914685,544659166282852,544659166379018,544659166891185,544659177366185,3875,698125,-1,544659177366185,0,
0,3440383,544681097577642,544681147577640,0,544681158987029,544681158989404,544681158989529,544681159135904,544681114244308,544681158967695,16666666,544681159505195,544681159590445,544681159826195,544681161776612,544681179116320,14500,2380500,-1,544681179116320,0,
0,3440386,544719164242786,544719164242786,0,544719165653005,544719165654630,544719165655089,544719167025422,544719180909452,544719165648172,16666666,544719167545172,544719167734005,544719167864130,544719169252297,544719191110797,4792,951084,-1,544719191110797,0,
0,3440390,544721080909376,544721080909376,0,544721082386089,544721082387381,544721082387673,544721082432506,544721097576042,544721082381131,16666666,544721082614131,544721082795589,544721082947798,544721083825298,544721096119048,6333,658917,-1,544721096119048,0,
0,3440393,544761097574442,544761097574442,0,544761100553525,544761100554859,544761100555275,544761100593525,544761114241108,544761100549525,16666666,544761100684067,544761100830359,544761100948484,544761101731109,544761117659775,3959,873166,-1,544761117659775,0,
0,3440396,544779164240386,544779164240386,0,544779165802200,544779165803159,544779165803284,544779166060700,544779180907052,544779165799159,16666666,544779166490742,544779166735034,544779166943450,544779167798909,544779192439075,4584,944708,-1,544779192439075,0,
---PROFILEDATA---


	ScreenDecorOverlay/android.view.ViewRootImpl@65d623 (visibility=0)
Window: ScreenDecorOverlay
Stats since: 6465996710ns
Total frames rendered: 47
Janky frames: 0 (0.00%)
Janky frames (legacy): 23 (48.94%)
50th percentile: 14ms
90th percentile: 32ms
95th percentile: 40ms
99th percentile: 73ms
Number Missed Vsync: 0
Number High input latency: 16
Number Slow UI thread: 0
Number Slow bitmap uploads: 0
Number Slow issue draw commands: 0
Number Frame deadline missed: 0
Number Frame deadline missed (legacy): 9
HISTOGRAM: 5ms=17 6ms=0 7ms=1 8ms=1 9ms=0 10ms=1 11ms=1 12ms=2 13ms=0 14ms=1 15ms=0 16ms=1 17ms=4 18ms=2 19ms=3 20ms=1 21ms=0 22ms=0 23ms=0 24ms=1 25ms=0 26ms=2 27ms=0 28ms=0 29ms=1 30ms=0 31ms=2 32ms=2 34ms=0 36ms=0 38ms=0 40ms=2 42ms=0 44ms=0 46ms=0 48ms=1 53ms=0 57ms=0 61ms=0 65ms=0 69ms=0 73ms=1 77ms=0 81ms=0 85ms=0 89ms=0 93ms=0 97ms=0 101ms=0 105ms=0 109ms=0 113ms=0 117ms=0 121ms=0 125ms=0 129ms=0 133ms=0 150ms=0 200ms=0 250ms=0 300ms=0 350ms=0 400ms=0 450ms=0 500ms=0 550ms=0 600ms=0 650ms=0 700ms=0 750ms=0 800ms=0 850ms=0 900ms=0 950ms=0 1000ms=0 1050ms=0 1100ms=0 1150ms=0 1200ms=0 1250ms=0 1300ms=0 1350ms=0 1400ms=0 1450ms=0 1500ms=0 1550ms=0 1600ms=0 1650ms=0 1700ms=0 1750ms=0 1800ms=0 1850ms=0 1900ms=0 1950ms=0 2000ms=0 2050ms=0 2100ms=0 2150ms=0 2200ms=0 2250ms=0 2300ms=0 2350ms=0 2400ms=0 2450ms=0 2500ms=0 2550ms=0 2600ms=0 2650ms=0 2700ms=0 2750ms=0 2800ms=0 2850ms=0 2900ms=0 2950ms=0 3000ms=0 3050ms=0 3100ms=0 3150ms=0 3200ms=0 3250ms=0 3300ms=0 3350ms=0 3400ms=0 3450ms=0 3500ms=0 3550ms=0 3600ms=0 3650ms=0 3700ms=0 3750ms=0 3800ms=0 3850ms=0 3900ms=0 3950ms=0 4000ms=0 4050ms=0 4100ms=0 4150ms=0 4200ms=0 4250ms=0 4300ms=0 4350ms=0 4400ms=0 4450ms=0 4500ms=0 4550ms=0 4600ms=0 4650ms=0 4700ms=0 4750ms=0 4800ms=0 4850ms=0 4900ms=0 4950ms=0
50th gpu percentile: 4950ms
90th gpu percentile: 4950ms
95th gpu percentile: 4950ms
99th gpu percentile: 4950ms
GPU HISTOGRAM: 1ms=0 2ms=0 3ms=0 4ms=0 5ms=0 6ms=0 7ms=0 8ms=0 9ms=0 10ms=0 11ms=0 12ms=0 13ms=0 14ms=0 15ms=0 16ms=0 17ms=0 18ms=0 19ms=0 20ms=0 21ms=0 22ms=0 23ms=0 24ms=0 25ms=0 4950ms=0


---PROFILEDATA---
Flags,FrameTimelineVsyncId,IntendedVsync,Vsync,InputEventId,HandleInputStart,AnimationStart,PerformTraversalsStart,DrawStart,FrameDeadline,FrameInterval,FrameStartTime,SyncQueued,SyncStart,IssueDrawCommandsStart,SwapBuffers,FrameCompleted,DequeueBufferDuration,QueueBufferDuration,GpuCompleted,SwapBuffersCompleted,DisplayPresentTime,
1,86,6469364628,6469364628,0,6470003835,6470003960,6470004043,6496626335,6486031294,6470002835,16666666,6496685668,6496779543,6498493543,6499753460,6501887126,1750,578375,-1,6501887126,0,
0,89,6486031294,6502697960,0,6515336376,6515336835,6515355168,6516293043,6502697960,6515335501,16666666,6516295085,6516478376,6516516418,6516570251,6517839543,1583,171000,-1,6517839543,0,
0,95,6519364626,6519364626,0,6521411585,6521411751,6521445335,6523685710,6536031292,6521410335,16666666,6523711376,6524237335,6524249668,6524407751,6525473085,2375,247083,-1,6525473085,0,
0,98,6536031292,6536031292,0,6537773543,6537773668,6537796501,6537846210,6552697958,6537772835,16666666,6537848626,6539260585,6539294418,6548385751,6550080710,1459,109292,-1,6550080710,0,
0,101,6552697958,6552697958,0,6553721668,6553721751,6553740460,6553762710,6569364624,6553721085,16666666,6553764835,6556514126,6556550251,6561423585,6564263418,2084,306667,-1,6564263418,0,
0,104,6569364624,6569364624,0,6571960710,6571960960,6572156543,6573544418,6586031290,6571958710,16666666,6573567626,6575369335,6579152793,6579733710,6582402126,28667,236167,-1,6582402126,0,
0,107,6586031290,6586031290,0,6586935960,6586936043,6586972043,6605511626,6602697956,6586935751,16666666,6605514085,6613729585,6613744918,6613821626,6614324835,875,92125,-1,6614324835,0,
0,110,6602697956,6602697956,0,6613800168,6613800251,6613834668,6621462543,6619364622,6613799710,16666666,6621464835,6622754001,6622790293,6622984335,6623900543,2084,320791,-1,6623900543,0,
0,113,6619364622,6619364622,0,6622871835,6622872043,6623094210,6623131751,6636031288,6622871126,16666666,6623133335,6623909626,6623935085,6624312085,6637477835,12177875,301417,-1,6637477835,0,
0,116,6636031288,6636031288,0,6639474501,6639474668,6639530501,6639573293,6652697954,6639474001,16666666,6639575626,6640192335,6640205876,6640336793,6653731876,12785083,187750,-1,6653731876,0,
0,119,6652697954,6652697954,0,6655557085,6655557210,6655606668,6655644460,6669364620,6655556501,16666666,6655646835,6656663126,6656677793,6656775626,6671483376,14069708,179250,-1,6671483376,0,
0,122,6669364620,6669364620,0,6672896210,6672896710,6673051210,6677367001,6686031286,6672891710,16666666,6677369918,6677686085,6677701668,6678047210,6689198918,10418042,89042,-1,6689198918,0,
0,125,6686031286,6702697952,0,6709835168,6709835376,6709863376,6714070126,6702697952,6709834251,16666666,6714076918,6714461335,6714477501,6714745835,6716358460,2000,696000,-1,6716358460,0,
0,131,6719364618,6719364618,0,6719713793,6719713918,6719733585,6719757168,6736031284,6719712960,16666666,6719759543,6722366626,6722407793,6722575293,6725082251,14833,234792,-1,6725082251,0,
0,134,6736031284,6736031284,0,6736557501,6736557585,6736573918,6736595418,6752697950,6736556876,16666666,6736597418,6739297585,6739319210,6739626168,6740675668,2042,311833,-1,6740675668,0,
0,137,6752697950,6752697950,0,6754007001,6754007251,6754045876,6754081043,6769364616,6754005793,16666666,6754083168,6756945793,6757082543,6757314001,6758466876,2250,330917,-1,6758466876,0,
0,140,6769364616,6769364616,0,6771625960,6771626876,6772257293,6772418460,6786031282,6771622835,16666666,6772421210,6773943960,6773966168,6774279001,6775443793,1916,353750,-1,6775443793,0,
0,143,6786031282,6786031282,0,6786480626,6786480751,6786503043,6786532876,6802697948,6786479626,16666666,6786535293,6790712626,6790725960,6790875418,6792658043,2292,1126333,-1,6792658043,0,
0,146,6802697948,6802697948,0,6803187376,6803187460,6803209001,6803235751,6819364614,6803186626,16666666,6803237918,6805750626,6805830168,6806069210,6807815335,1708,99917,-1,6807815335,0,
0,149,6819364614,6819364614,0,6819751251,6819751335,6819771668,6819798876,6836031280,6819750460,16666666,6819801085,6822472835,6822493251,6822795251,6825266085,3375,1238917,-1,6825266085,0,
0,152,6836031280,6836031280,0,6836555876,6836556210,6836670668,6836713793,6852697946,6836553751,16666666,6836717210,6842146543,6842156876,6842425335,6843766543,1833,421666,-1,6843766543,0,
0,155,6852697946,6852697946,0,6853087251,6853087835,6853172376,6853213543,6869364612,6853085501,16666666,6853215543,6855183626,6855263918,6855636668,6858059335,3583,498167,-1,6858059335,0,
0,158,6869364612,6869364612,0,6869723876,6869724210,6869749626,6869781543,6886031278,6869722710,16666666,6869783710,6873580668,6873655960,6874070001,6874774668,2542,188833,-1,6874774668,0,
0,161,6886031278,6886031278,0,6886278960,6886279043,6886306168,6886331918,6902697944,6886278085,16666666,6886334210,6892043085,6892058168,6892231210,6893457710,959,142042,-1,6893457710,0,
0,164,6902697944,6902697944,0,6907528210,6907528335,6907555418,6907594501,6919364610,6907527710,16666666,6907596376,6922822710,6922927001,6923395835,6925589835,1500,95083,-1,6925589835,0,
0,167,6919364610,6936031276,0,6948333001,6948333210,6948365960,6948404918,6936031276,6948332001,16666666,6948408710,6962023168,6962112293,6962411960,6964301960,1459,301834,-1,6964301960,0,
0,173,6952697942,6986031274,0,6991687918,6991688126,6991762251,6991805335,6969364608,6991686835,16666666,6991807668,6998854168,6998875501,6999087960,7000248376,1833,497625,-1,7000248376,0,
0,182,7002697940,7002697940,0,7017349918,7017350001,7017374543,7017397210,7019364606,7017349418,16666666,7017399918,7023049543,7023108626,7023601751,7025017376,2541,401209,-1,7025017376,0,
0,188,7036031272,7036031272,0,7049161085,7049161251,7049187543,7049214043,7052697938,7049160585,16666666,7049216460,7050756835,7050762585,7050939210,7052196251,1209,464000,-1,7052196251,0,
0,191,7052697938,7052697938,0,7053059168,7053059376,7053095168,7053119501,7069364604,7053058293,16666666,7053121001,7077966501,7078014710,7080589585,7094668126,1208,334958,-1,7094668126,0,
0,194,7069364604,7086031270,0,7094863043,7094863126,7094906835,7094933918,7086031270,7094862168,16666666,7094935460,7096733460,7096794501,7096886710,7104121876,5981250,152667,-1,7104121876,0,
0,200,7102697936,7102697936,0,7107355251,7107355376,7107377460,7173637376,7119364602,7107354418,16666666,7173657585,7173731668,7173796918,7174167210,7174966543,917,99750,-1,7174966543,0,
0,203,7119364602,7169364600,0,7173758210,7173758293,7173770335,7212609918,7136031268,7173757710,16666666,7212611751,7214991626,7215586960,7216293543,0,14250,4379416,0,7221662460,0,
0,213,7186031266,7202697932,0,7215422710,7215422876,7215540210,7226583668,7202697932,7215420876,16666666,7226600751,7228438710,7228535085,7234195835,7236976376,4292,1793042,-1,7236976376,0,
0,219,7219364598,7252697930,0,7258180168,7258180543,7258216876,7258573210,7236031264,7258169668,16666666,7258576585,7260197460,7260220876,7260447001,7261747626,2625,241042,-1,7261747626,0,
0,227,7269364596,7269364596,0,7269682960,7269683626,7269712543,7269743043,7286031262,7269681085,16666666,7269745460,7273118668,7273150835,7273451376,7274579335,1416,231834,-1,7274579335,0,
0,230,7286031262,7286031262,0,7288112168,7288112710,7288141460,7288167043,7302697928,7288110210,16666666,7288169168,7295783585,7295797668,7295902251,7296549543,959,165792,-1,7296549543,0,
0,233,7302697928,7302697928,0,7303120793,7303120960,7303139835,7312247835,7319364594,7303120168,16666666,7312251043,7312361043,7312401876,7312621751,7313259543,1375,117000,-1,7313259543,0,
0,236,7319364594,7319364594,0,7319943460,7319944126,7320368210,7344753668,7336031260,7319941418,16666666,7344794335,7345591168,7345603585,7346160085,7346719376,1125,123000,-1,7346719376,0,
0,239,7336031260,7336031260,0,7347019960,7347020126,7347033251,7357904876,7352697926,7347019460,16666666,7357919043,7359732210,7359744251,7361605751,7362241501,1500,139709,-1,7362241501,0,
0,242,7352697926,7352697926,0,7360249501,7360249668,7360270668,7362688918,7369364592,7360248751,16666666,7362693460,7363485918,7363490085,7363778751,7372828626,7759750,410583,-1,7372828626,0,
0,245,7369364592,7369364592,0,7378678668,7378678751,7378704335,7378728043,7386031258,7378677793,16666666,7378730960,7380846001,7380867960,7381082376,7390206710,8100542,65000,-1,7390206710,0,
0,248,7386031258,7386031258,0,7393943793,7393944001,7393988668,7394041793,7402697924,7393942751,16666666,7394044626,7395047793,7395076168,7395283626,7405274710,4585750,449292,-1,7405274710,0,
0,251,7402697924,7402697924,0,7406148835,7406149043,7406207085,7406250460,7419364590,7406147876,16666666,7406253876,7411247626,7411261210,7411858751,7420646501,7755500,447083,-1,7420646501,0,
0,254,7419364590,7419364590,0,7422038293,7422038376,7422062918,7422091126,7436031256,7422037835,16666666,7422093335,7440937085,7441005293,7441386793,7442215543,1500,156834,-1,7442215543,0,
0,257,7436031256,7436031256,0,7444565585,7444566001,7444596668,7444635085,7452697922,7444564418,16666666,7444637626,7451324918,7451343043,7451616585,0,21596958,270083,0,7476744835,0,
0,260,7452697922,7469364588,0,7477599793,7477599876,7477629293,7477676585,7469364588,7477598835,16666666,7477680585,7478845376,7478857668,7479022960,7480396376,1667,497667,-1,7480396376,0,
0,266,7486031254,7486031254,0,7487462543,7487462668,7487512251,7487534418,7502697920,7487461918,16666666,7487536001,7488348543,7488441501,7488496335,7489787876,2916,369500,-1,7489787876,0,
0,269,7502697920,7502697920,0,7503013251,7503013585,7503041918,7503067126,7519364586,7503011918,16666666,7503069668,7505534710,7505551918,7505678210,7508081210,1667,2013042,-1,7508081210,0,
---PROFILEDATA---


	ScreenDecorOverlayBottom/android.view.ViewRootImpl@4ad0720 (visibility=0)
Window: ScreenDecorOverlayBottom
Stats since: 6467900168ns
Total frames rendered: 47
Janky frames: 0 (0.00%)
Janky frames (legacy): 32 (68.09%)
50th percentile: 17ms
90th percentile: 44ms
95th percentile: 48ms
99th percentile: 65ms
Number Missed Vsync: 0
Number High input latency: 35
Number Slow UI thread: 0
Number Slow bitmap uploads: 0
Number Slow issue draw commands: 0
Number Frame deadline missed: 0
Number Frame deadline missed (legacy): 10
HISTOGRAM: 5ms=4 6ms=0 7ms=2 8ms=1 9ms=0 10ms=0 11ms=1 12ms=0 13ms=0 14ms=1 15ms=4 16ms=6 17ms=6 18ms=3 19ms=0 20ms=2 21ms=0 22ms=2 23ms=0 24ms=0 25ms=0 26ms=0 27ms=2 28ms=3 29ms=0 30ms=0 31ms=0 32ms=1 34ms=2 36ms=0 38ms=0 40ms=0 42ms=1 44ms=2 46ms=0 48ms=2 53ms=1 57ms=0 61ms=0 65ms=1 69ms=0 73ms=0 77ms=0 81ms=0 85ms=0 89ms=0 93ms=0 97ms=0 101ms=0 105ms=0 109ms=0 113ms=0 117ms=0 121ms=0 125ms=0 129ms=0 133ms=0 150ms=0 200ms=0 250ms=0 300ms=0 350ms=0 400ms=0 450ms=0 500ms=0 550ms=0 600ms=0 650ms=0 700ms=0 750ms=0 800ms=0 850ms=0 900ms=0 950ms=0 1000ms=0 1050ms=0 1100ms=0 1150ms=0 1200ms=0 1250ms=0 1300ms=0 1350ms=0 1400ms=0 1450ms=0 1500ms=0 1550ms=0 1600ms=0 1650ms=0 1700ms=0 1750ms=0 1800ms=0 1850ms=0 1900ms=0 1950ms=0 2000ms=0 2050ms=0 2100ms=0 2150ms=0 2200ms=0 2250ms=0 2300ms=0 2350ms=0 2400ms=0 2450ms=0 2500ms=0 2550ms=0 2600ms=0 2650ms=0 2700ms=0 2750ms=0 2800ms=0 2850ms=0 2900ms=0 2950ms=0 3000ms=0 3050ms=0 3100ms=0 3150ms=0 3200ms=0 3250ms=0 3300ms=0 3350ms=0 3400ms=0 3450ms=0 3500ms=0 3550ms=0 3600ms=0 3650ms=0 3700ms=0 3750ms=0 3800ms=0 3850ms=0 3900ms=0 3950ms=0 4000ms=0 4050ms=0 4100ms=0 4150ms=0 4200ms=0 4250ms=0 4300ms=0 4350ms=0 4400ms=0 4450ms=0 4500ms=0 4550ms=0 4600ms=0 4650ms=0 4700ms=0 4750ms=0 4800ms=0 4850ms=0 4900ms=0 4950ms=0
50th gpu percentile: 4950ms
90th gpu percentile: 4950ms
95th gpu percentile: 4950ms
99th gpu percentile: 4950ms
GPU HISTOGRAM: 1ms=0 2ms=0 3ms=0 4ms=0 5ms=0 6ms=0 7ms=0 8ms=0 9ms=0 10ms=0 11ms=0 12ms=0 13ms=0 14ms=0 15ms=0 16ms=0 17ms=0 18ms=0 19ms=0 20ms=0 21ms=0 22ms=0 23ms=0 24ms=0 25ms=0 4950ms=0


---PROFILEDATA---
Flags,FrameTimelineVsyncId,IntendedVsync,Vsync,InputEventId,HandleInputStart,AnimationStart,PerformTraversalsStart,DrawStart,FrameDeadline,FrameInterval,FrameStartTime,SyncQueued,SyncStart,IssueDrawCommandsStart,SwapBuffers,FrameCompleted,DequeueBufferDuration,QueueBufferDuration,GpuCompleted,SwapBuffersCompleted,DisplayPresentTime,
1,86,6469364628,6469364628,0,6470003835,6470003960,6470004043,6511970960,6486031294,6470002835,16666666,6512063251,6512129835,6512287751,6512343376,6514379376,2042,410333,-1,6514379376,0,
0,89,6486031294,6502697960,0,6515336376,6515336835,6515355168,6518678251,6502697960,6515335501,16666666,6518680918,6518796501,6518810251,6518840126,6520148210,596875,236291,-1,6520148210,0,
0,98,6536031292,6536031292,0,6537773543,6537773668,6537796501,6539655335,6552697958,6537772835,16666666,6539659126,6550120710,6550153460,6550338293,6550898001,958,113250,-1,6550898001,0,
0,101,6552697958,6552697958,0,6553721668,6553721751,6553740460,6556849126,6569364624,6553721085,16666666,6556851293,6567905626,6567962960,6568405168,6572419335,1708,142417,-1,6572419335,0,
0,104,6569364624,6569364624,0,6571960710,6571960960,6572156543,6585855501,6586031290,6571958710,16666666,6585866835,6586622043,6586643001,6587270585,6590667710,3625,525917,-1,6590667710,0,
0,107,6586031290,6586031290,0,6586935960,6586936043,6586972043,6592956460,6602697956,6586935751,16666666,6592959835,6593060460,6593087960,6593384085,6604264251,7448000,289833,-1,6604264251,0,
0,110,6602697956,6602697956,0,6613800168,6613800251,6613834668,6615031960,6619364622,6613799710,16666666,6615033710,6615211251,6615225710,6615321376,6620749085,4816291,178416,-1,6620749085,0,
0,113,6619364622,6619364622,0,6622871835,6622872043,6623094210,6624127668,6636031288,6622871126,16666666,6624130001,6639312793,6639366126,6639490710,6640098001,1750,172125,-1,6640098001,0,
0,116,6636031288,6636031288,0,6639474501,6639474668,6639530501,6640269376,6652697954,6639474001,16666666,6640270543,6655421835,6655481960,6655737501,6656505168,1416,203500,-1,6656505168,0,
0,119,6652697954,6652697954,0,6655557085,6655557210,6655606668,6656719668,6669364620,6655556501,16666666,6656721210,6672598168,6672618376,6672761960,6673798418,3042,205500,-1,6673798418,0,
0,122,6669364620,6669364620,0,6672896210,6672896710,6673051210,6709346668,6686031286,6672891710,16666666,6709350043,6709559210,6709579585,6709767251,6711579960,3292,201584,-1,6711579960,0,
0,125,6686031286,6702697952,0,6709835168,6709835376,6709863376,6716932751,6702697952,6709834251,16666666,6716935751,6717320751,6717339001,6717996793,6720723335,1476709,256500,-1,6720723335,0,
0,131,6719364618,6719364618,0,6719713793,6719713918,6719733585,6722525751,6736031284,6719712960,16666666,6722529960,6725136585,6725153918,6725350751,6737308460,11140958,239084,-1,6737308460,0,
0,134,6736031284,6736031284,0,6736557501,6736557585,6736573918,6739466043,6752697950,6736556876,16666666,6739469876,6740766668,6740783168,6740919668,6755016126,13377041,154042,-1,6755016126,0,
0,137,6752697950,6752697950,0,6754007001,6754007251,6754045876,6757166960,6769364616,6754005793,16666666,6757171668,6758840793,6758863460,6759257751,6772464418,11430167,1046084,-1,6772464418,0,
0,140,6769364616,6769364616,0,6771625960,6771626876,6772257293,6775156543,6786031282,6771622835,16666666,6775159418,6775692251,6775700376,6775947710,6787827835,10424417,469625,-1,6787827835,0,
0,143,6786031282,6786031282,0,6786480626,6786480751,6786503043,6791686335,6802697948,6786479626,16666666,6791690418,6793202043,6793213918,6793394668,6804281960,5986000,460792,-1,6804281960,0,
0,146,6802697948,6802697948,0,6803187376,6803187460,6803209001,6806061710,6819364614,6803186626,16666666,6806064960,6807930793,6807967460,6808386876,6820621960,11096792,159292,-1,6820621960,0,
0,149,6819364614,6819364614,0,6819751251,6819751335,6819771668,6824469085,6836031280,6819750460,16666666,6824473585,6825414668,6825435418,6825866210,6837287960,10130292,518792,-1,6837287960,0,
0,152,6836031280,6836031280,0,6836555876,6836556210,6836670668,6843504293,6852697946,6836553751,16666666,6843508168,6843866710,6843875210,6844091085,6854113376,7071000,546833,-1,6854113376,0,
0,155,6852697946,6852697946,0,6853087251,6853087835,6853172376,6855373460,6869364612,6853085501,16666666,6855374543,6866716418,6866730751,6866797126,6871300543,3975625,124958,-1,6871300543,0,
0,158,6869364612,6869364612,0,6869723876,6869724210,6869749626,6873646126,6886031278,6869722710,16666666,6873649376,6874816960,6874884501,6875181501,6887341460,10983667,522542,-1,6887341460,0,
0,161,6886031278,6886031278,0,6886278960,6886279043,6886306168,6892103543,6902697944,6886278085,16666666,6892105251,6907398210,6907419085,6907573376,6908968960,1792,487583,-1,6908968960,0,
0,164,6902697944,6902697944,0,6907528210,6907528335,6907555418,6922919001,6919364610,6907527710,16666666,6922922460,6941624585,6948418585,6948643585,6950148126,1667,593250,-1,6950148126,0,
0,167,6919364610,6936031276,0,6948333001,6948333210,6948365960,6962103585,6936031276,6948332001,16666666,6962107585,6991113668,6991127460,6992558043,6994188501,2125,682833,-1,6994188501,0,
0,173,6952697942,6986031274,0,6991687918,6991688126,6991762251,6999860543,6969364608,6991686835,16666666,6999863876,7017180126,7017243710,7017487043,7019881335,2083,140833,-1,7019881335,0,
0,182,7002697940,7002697940,0,7017349918,7017350001,7017374543,7023102585,7019364606,7017349418,16666666,7023105710,7049069126,7049112585,7049330835,7050706626,1458,600917,-1,7050706626,0,
0,188,7036031272,7036031272,0,7049161085,7049161251,7049187543,7051450793,7052697938,7049160585,16666666,7051453710,7052267001,7052273293,7052357418,0,2584,20399500,0,7077471585,0,
0,191,7052697938,7052697938,0,7053059168,7053059376,7053095168,7078006376,7069364604,7053058293,16666666,7078009960,7094764293,7094779918,7094952835,7096686960,1834,155459,-1,7096686960,0,
0,194,7069364604,7086031270,0,7094863043,7094863126,7094906835,7096787710,7086031270,7094862168,16666666,7096790710,7106106918,7106158876,7106500085,7107497793,2250,329375,-1,7107497793,0,
0,200,7102697936,7102697936,0,7107355251,7107355376,7107377460,7111881668,7119364602,7107354418,16666666,7111892960,7115742293,7115754460,7116174751,7120856835,3346041,478167,-1,7120856835,0,
0,203,7119364602,7169364600,0,7173758210,7173758293,7173770335,7180591043,7136031268,7173757710,16666666,7180592585,7180820793,7180935085,7181399710,7187360543,3375,4810625,-1,7187360543,0,
0,213,7186031266,7202697932,0,7215422710,7215422876,7215540210,7237639210,7202697932,7215420876,16666666,7237646293,7258036460,7258070043,7258630043,7259923626,1958,312875,-1,7259923626,0,
0,219,7219364598,7252697930,0,7258180168,7258180543,7258216876,7260364126,7236031264,7258169668,16666666,7260367793,7261810251,7261831085,7261978626,7271104210,8550958,104375,-1,7271104210,0,
0,227,7269364596,7269364596,0,7269682960,7269683626,7269712543,7273696168,7286031262,7269681085,16666666,7273702335,7275993793,7276157293,7276777293,7287313460,8846666,442958,-1,7287313460,0,
0,230,7286031262,7286031262,0,7288112168,7288112710,7288141460,7295835043,7302697928,7288110210,16666666,7295836960,7296638418,7296716501,7296894501,7303846751,6046083,258500,-1,7303846751,0,
0,233,7302697928,7302697928,0,7303120793,7303120960,7303139835,7312503168,7319364594,7303120168,16666666,7312504251,7313305210,7313310501,7313404793,7323565585,9554125,184500,-1,7323565585,0,
0,236,7319364594,7319364594,0,7319943460,7319944126,7320368210,7333077001,7336031260,7319941418,16666666,7333096210,7333123585,7333136418,7333503710,7342224710,8059667,96250,-1,7342224710,0,
0,239,7336031260,7336031260,0,7347019960,7347020126,7347033251,7349309460,7352697926,7347019460,16666666,7349315835,7349447751,7349463376,7349947710,7354036376,3022542,476792,-1,7354036376,0,
0,242,7352697926,7352697926,0,7360249501,7360249668,7360270668,7374060918,7369364592,7360248751,16666666,7374079251,7374660501,7374680751,7375654418,7380586210,1334,134166,-1,7380586210,0,
0,245,7369364592,7369364592,0,7378678668,7378678751,7378704335,7381034501,7386031258,7378677793,16666666,7381040293,7390986168,7390994501,7391515501,7394840626,2959,134000,-1,7394840626,0,
0,248,7386031258,7386031258,0,7393943793,7393944001,7393988668,7396067001,7402697924,7393942751,16666666,7396070085,7405935251,7405955210,7406751918,7411098585,5958,3748417,-1,7411098585,0,
0,251,7402697924,7402697924,0,7406148835,7406149043,7406207085,7411479251,7419364590,7406147876,16666666,7411483710,7421875126,7422103710,7422234585,7424707668,1709,61208,-1,7424707668,0,
0,254,7419364590,7419364590,0,7422038293,7422038376,7422062918,7440994501,7436031256,7422037835,16666666,7440999460,7444324501,7444413293,7444715043,7451162543,1708,5760500,-1,7451162543,0,
0,257,7436031256,7436031256,0,7444565585,7444566001,7444596668,7451583668,7452697922,7444564418,16666666,7451590751,7477384293,7477404418,7477652043,7478740210,1750,313750,-1,7478740210,0,
0,260,7452697922,7469364588,0,7477599793,7477599876,7477629293,7479856251,7469364588,7477598835,16666666,7479859210,7480453835,7480461376,7480640626,7487149335,4723083,1268500,-1,7487149335,0,
0,266,7486031254,7486031254,0,7487462543,7487462668,7487512251,7488510293,7502697920,7487461918,16666666,7488511501,7489901835,7489952210,7489989543,7503967293,13279542,236042,-1,7503967293,0,
0,269,7502697920,7502697920,0,7503013251,7503013585,7503041918,7505668168,7519364586,7503011918,16666666,7505671043,7508175210,7508190543,7508212626,7523573335,14772166,208750,-1,7523573335,0,
---PROFILEDATA---


	ShellDropTarget/android.view.ViewRootImpl@897f8d9 (visibility=4)
Window: ShellDropTarget
Stats since: 6496692001ns
Total frames rendered: 0
Janky frames: 0 (0.00%)
Janky frames (legacy): 0 (0.00%)
50th percentile: 4950ms
90th percentile: 4950ms
95th percentile: 4950ms
99th percentile: 4950ms
Number Missed Vsync: 0
Number High input latency: 0
Number Slow UI thread: 0
Number Slow bitmap uploads: 0
Number Slow issue draw commands: 0
Number Frame deadline missed: 0
Number Frame deadline missed (legacy): 0
HISTOGRAM: 5ms=0 6ms=0 7ms=0 8ms=0 9ms=0 10ms=0 11ms=0 12ms=0 13ms=0 14ms=0 15ms=0 16ms=0 17ms=0 18ms=0 19ms=0 20ms=0 21ms=0 22ms=0 23ms=0 24ms=0 25ms=0 26ms=0 27ms=0 28ms=0 29ms=0 30ms=0 31ms=0 32ms=0 34ms=0 36ms=0 38ms=0 40ms=0 42ms=0 44ms=0 46ms=0 48ms=0 53ms=0 57ms=0 61ms=0 65ms=0 69ms=0 73ms=0 77ms=0 81ms=0 85ms=0 89ms=0 93ms=0 97ms=0 101ms=0 105ms=0 109ms=0 113ms=0 117ms=0 121ms=0 125ms=0 129ms=0 133ms=0 150ms=0 200ms=0 250ms=0 300ms=0 350ms=0 400ms=0 450ms=0 500ms=0 550ms=0 600ms=0 650ms=0 700ms=0 750ms=0 800ms=0 850ms=0 900ms=0 950ms=0 1000ms=0 1050ms=0 1100ms=0 1150ms=0 1200ms=0 1250ms=0 1300ms=0 1350ms=0 1400ms=0 1450ms=0 1500ms=0 1550ms=0 1600ms=0 1650ms=0 1700ms=0 1750ms=0 1800ms=0 1850ms=0 1900ms=0 1950ms=0 2000ms=0 2050ms=0 2100ms=0 2150ms=0 2200ms=0 2250ms=0 2300ms=0 2350ms=0 2400ms=0 2450ms=0 2500ms=0 2550ms=0 2600ms=0 2650ms=0 2700ms=0 2750ms=0 2800ms=0 2850ms=0 2900ms=0 2950ms=0 3000ms=0 3050ms=0 3100ms=0 3150ms=0 3200ms=0 3250ms=0 3300ms=0 3350ms=0 3400ms=0 3450ms=0 3500ms=0 3550ms=0 3600ms=0 3650ms=0 3700ms=0 3750ms=0 3800ms=0 3850ms=0 3900ms=0 3950ms=0 4000ms=0 4050ms=0 4100ms=0 4150ms=0 4200ms=0 4250ms=0 4300ms=0 4350ms=0 4400ms=0 4450ms=0 4500ms=0 4550ms=0 4600ms=0 4650ms=0 4700ms=0 4750ms=0 4800ms=0 4850ms=0 4900ms=0 4950ms=0
50th gpu percentile: 4950ms
90th gpu percentile: 4950ms
95th gpu percentile: 4950ms
99th gpu percentile: 4950ms
GPU HISTOGRAM: 1ms=0 2ms=0 3ms=0 4ms=0 5ms=0 6ms=0 7ms=0 8ms=0 9ms=0 10ms=0 11ms=0 12ms=0 13ms=0 14ms=0 15ms=0 16ms=0 17ms=0 18ms=0 19ms=0 20ms=0 21ms=0 22ms=0 23ms=0 24ms=0 25ms=0 4950ms=0


---PROFILEDATA---
Flags,FrameTimelineVsyncId,IntendedVsync,Vsync,InputEventId,HandleInputStart,AnimationStart,PerformTraversalsStart,DrawStart,FrameDeadline,FrameInterval,FrameStartTime,SyncQueued,SyncStart,IssueDrawCommandsStart,SwapBuffers,FrameCompleted,DequeueBufferDuration,QueueBufferDuration,GpuCompleted,SwapBuffersCompleted,DisplayPresentTime,
---PROFILEDATA---


	pip-dismiss-overlay/android.view.ViewRootImpl@75d429e (visibility=4)
Window: pip-dismiss-overlay
Stats since: 7173663960ns
Total frames rendered: 0
Janky frames: 0 (0.00%)
Janky frames (legacy): 0 (0.00%)
50th percentile: 4950ms
90th percentile: 4950ms
95th percentile: 4950ms
99th percentile: 4950ms
Number Missed Vsync: 0
Number High input latency: 0
Number Slow UI thread: 0
Number Slow bitmap uploads: 0
Number Slow issue draw commands: 0
Number Frame deadline missed: 0
Number Frame deadline missed (legacy): 0
HISTOGRAM: 5ms=0 6ms=0 7ms=0 8ms=0 9ms=0 10ms=0 11ms=0 12ms=0 13ms=0 14ms=0 15ms=0 16ms=0 17ms=0 18ms=0 19ms=0 20ms=0 21ms=0 22ms=0 23ms=0 24ms=0 25ms=0 26ms=0 27ms=0 28ms=0 29ms=0 30ms=0 31ms=0 32ms=0 34ms=0 36ms=0 38ms=0 40ms=0 42ms=0 44ms=0 46ms=0 48ms=0 53ms=0 57ms=0 61ms=0 65ms=0 69ms=0 73ms=0 77ms=0 81ms=0 85ms=0 89ms=0 93ms=0 97ms=0 101ms=0 105ms=0 109ms=0 113ms=0 117ms=0 121ms=0 125ms=0 129ms=0 133ms=0 150ms=0 200ms=0 250ms=0 300ms=0 350ms=0 400ms=0 450ms=0 500ms=0 550ms=0 600ms=0 650ms=0 700ms=0 750ms=0 800ms=0 850ms=0 900ms=0 950ms=0 1000ms=0 1050ms=0 1100ms=0 1150ms=0 1200ms=0 1250ms=0 1300ms=0 1350ms=0 1400ms=0 1450ms=0 1500ms=0 1550ms=0 1600ms=0 1650ms=0 1700ms=0 1750ms=0 1800ms=0 1850ms=0 1900ms=0 1950ms=0 2000ms=0 2050ms=0 2100ms=0 2150ms=0 2200ms=0 2250ms=0 2300ms=0 2350ms=0 2400ms=0 2450ms=0 2500ms=0 2550ms=0 2600ms=0 2650ms=0 2700ms=0 2750ms=0 2800ms=0 2850ms=0 2900ms=0 2950ms=0 3000ms=0 3050ms=0 3100ms=0 3150ms=0 3200ms=0 3250ms=0 3300ms=0 3350ms=0 3400ms=0 3450ms=0 3500ms=0 3550ms=0 3600ms=0 3650ms=0 3700ms=0 3750ms=0 3800ms=0 3850ms=0 3900ms=0 3950ms=0 4000ms=0 4050ms=0 4100ms=0 4150ms=0 4200ms=0 4250ms=0 4300ms=0 4350ms=0 4400ms=0 4450ms=0 4500ms=0 4550ms=0 4600ms=0 4650ms=0 4700ms=0 4750ms=0 4800ms=0 4850ms=0 4900ms=0 4950ms=0
50th gpu percentile: 4950ms
90th gpu percentile: 4950ms
95th gpu percentile: 4950ms
99th gpu percentile: 4950ms
GPU HISTOGRAM: 1ms=0 2ms=0 3ms=0 4ms=0 5ms=0 6ms=0 7ms=0 8ms=0 9ms=0 10ms=0 11ms=0 12ms=0 13ms=0 14ms=0 15ms=0 16ms=0 17ms=0 18ms=0 19ms=0 20ms=0 21ms=0 22ms=0 23ms=0 24ms=0 25ms=0 4950ms=0


---PROFILEDATA---
Flags,FrameTimelineVsyncId,IntendedVsync,Vsync,InputEventId,HandleInputStart,AnimationStart,PerformTraversalsStart,DrawStart,FrameDeadline,FrameInterval,FrameStartTime,SyncQueued,SyncStart,IssueDrawCommandsStart,SwapBuffers,FrameCompleted,DequeueBufferDuration,QueueBufferDuration,GpuCompleted,SwapBuffersCompleted,DisplayPresentTime,
---PROFILEDATA---


View hierarchy:

  NavigationBar0/android.view.ViewRootImpl@b6363b4
  39 views, 60.19 kB of render nodes

  NotificationShade/android.view.ViewRootImpl@2ea7bdd
  440 views, 539.69 kB of render nodes

  StatusBar/android.view.ViewRootImpl@9824352
  57 views, 81.64 kB of render nodes

  ScreenDecorOverlay/android.view.ViewRootImpl@65d623
  8 views, 10.34 kB of render nodes

  ScreenDecorOverlayBottom/android.view.ViewRootImpl@4ad0720
  8 views, 10.48 kB of render nodes

  ShellDropTarget/android.view.ViewRootImpl@897f8d9
  2 views, 2.45 kB of render nodes

  pip-dismiss-overlay/android.view.ViewRootImpl@75d429e
  3 views, 3.68 kB of render nodes


Total ViewRootImpl   : 7
Total attached Views : 557
Total RenderNode     : 708.46 kB (used) / 895.31 kB (capacity)


** Graphics info for pid 585 [system] **

Stats since: 21618326175ns
Total frames rendered: 217
Janky frames: 0 (0.00%)
Janky frames (legacy): 86 (39.63%)
50th percentile: 17ms
90th percentile: 57ms
95th percentile: 81ms
99th percentile: 350ms
Number Missed Vsync: 0
Number High input latency: 102
Number Slow UI thread: 0
Number Slow bitmap uploads: 0
Number Slow issue draw commands: 0
Number Frame deadline missed: 0
Number Frame deadline missed (legacy): 41
HISTOGRAM: 5ms=32 6ms=11 7ms=11 8ms=5 9ms=4 10ms=6 11ms=7 12ms=2 13ms=1 14ms=4 15ms=2 16ms=9 17ms=39 18ms=15 19ms=3 20ms=1 21ms=5 22ms=2 23ms=2 24ms=2 25ms=3 26ms=3 27ms=2 28ms=1 29ms=0 30ms=0 31ms=4 32ms=0 34ms=1 36ms=5 38ms=2 40ms=0 42ms=5 44ms=3 46ms=1 48ms=2 53ms=0 57ms=1 61ms=1 65ms=4 69ms=2 73ms=0 77ms=3 81ms=2 85ms=0 89ms=0 93ms=0 97ms=0 101ms=1 105ms=0 109ms=0 113ms=0 117ms=0 121ms=0 125ms=0 129ms=0 133ms=0 150ms=2 200ms=1 250ms=1 300ms=0 350ms=3 400ms=1 450ms=0 500ms=0 550ms=0 600ms=0 650ms=0 700ms=0 750ms=0 800ms=0 850ms=0 900ms=0 950ms=0 1000ms=0 1050ms=0 1100ms=0 1150ms=0 1200ms=0 1250ms=0 1300ms=0 1350ms=0 1400ms=0 1450ms=0 1500ms=0 1550ms=0 1600ms=0 1650ms=0 1700ms=0 1750ms=0 1800ms=0 1850ms=0 1900ms=0 1950ms=0 2000ms=0 2050ms=0 2100ms=0 2150ms=0 2200ms=0 2250ms=0 2300ms=0 2350ms=0 2400ms=0 2450ms=0 2500ms=0 2550ms=0 2600ms=0 2650ms=0 2700ms=0 2750ms=0 2800ms=0 2850ms=0 2900ms=0 2950ms=0 3000ms=0 3050ms=0 3100ms=0 3150ms=0 3200ms=0 3250ms=0 3300ms=0 3350ms=0 3400ms=0 3450ms=0 3500ms=0 3550ms=0 3600ms=0 3650ms=0 3700ms=0 3750ms=0 3800ms=0 3850ms=0 3900ms=0 3950ms=0 4000ms=0 4050ms=0 4100ms=0 4150ms=0 4200ms=0 4250ms=0 4300ms=0 4350ms=0 4400ms=0 4450ms=0 4500ms=0 4550ms=0 4600ms=0 4650ms=0 4700ms=0 4750ms=0 4800ms=0 4850ms=0 4900ms=0 4950ms=0
50th gpu percentile: 4950ms
90th gpu percentile: 4950ms
95th gpu percentile: 4950ms
99th gpu percentile: 4950ms
GPU HISTOGRAM: 1ms=0 2ms=0 3ms=0 4ms=0 5ms=0 6ms=0 7ms=0 8ms=0 9ms=0 10ms=0 11ms=0 12ms=0 13ms=0 14ms=0 15ms=0 16ms=0 17ms=0 18ms=0 19ms=0 20ms=0 21ms=0 22ms=0 23ms=0 24ms=0 25ms=0 4950ms=0
Pipeline=Skia (OpenGL)
CPU Caches:
  Glyph Cache: 0.00 bytes (1 entry)
  Glyph Count: 0 
Total CPU memory usage:
  0 bytes, 0.00 bytes (0.00 bytes is purgeable)
GPU Caches:
  Other:
    Other: 0.00 bytes (1 entry)
  Scratch:
    RenderTarget: 9.64 MB (1 entry)
    Buffer Object: 32.00 KB (1 entry)
  Image:
    Texture: 0.00 bytes (1 entry)
Total GPU memory usage:
  10141568 bytes, 9.67 MB (9.67 MB is purgeable)

Profile data in ms:

View hierarchy:


Total ViewRootImpl   : 0
Total attached Views : 0
Total RenderNode     : 0.00 kB (used) / 0.00 kB (capacity)

